call_id,intent_category,confidence_score,model_version
CALL-00000001,billing,0.55,v1.2.0
CALL-00000002,technical,0.56,v1.2.0
CALL-00000003,cancel,0.57,v1.2.0
CALL-00000004,upgrade,0.58,v1.2.0
CALL-00000005,account_change,0.59,v1.2.0
CALL-00000006,outage,0.6,v1.2.0
CALL-00000007,general_inquiry,0.61,v1.2.0
CALL-00000008,billing,0.62,v1.2.0
CALL-00000009,technical,0.63,v1.2.0
CALL-00000010,cancel,0.64,v1.2.0
CALL-00000011,upgrade,0.65,v1.2.0
CALL-00000012,account_change,0.66,v1.2.0
CALL-00000013,outage,0.67,v1.2.0
CALL-00000014,general_inquiry,0.68,v1.2.0
CALL-00000015,billing,0.69,v1.2.0
CALL-00000016,technical,0.7,v1.2.0
CALL-00000017,cancel,0.71,v1.2.0
CALL-00000018,upgrade,0.72,v1.2.0
CALL-00000019,account_change,0.73,v1.2.0
CALL-00000020,outage,0.74,v1.2.0
CALL-00000021,general_inquiry,0.75,v1.2.0
CALL-00000022,billing,0.76,v1.2.0
CALL-00000023,technical,0.77,v1.2.0
CALL-00000024,cancel,0.78,v1.2.0
CALL-00000025,upgrade,0.79,v1.2.0
CALL-00000026,account_change,0.8,v1.2.0
CALL-00000027,outage,0.81,v1.2.0
CALL-00000028,general_inquiry,0.82,v1.2.0
CALL-00000029,billing,0.83,v1.2.0
CALL-00000030,technical,0.84,v1.2.0
CALL-00000031,cancel,0.85,v1.2.0
CALL-00000032,upgrade,0.86,v1.2.0
CALL-00000033,account_change,0.87,v1.2.0
CALL-00000034,outage,0.88,v1.2.0
CALL-00000035,general_inquiry,0.89,v1.2.0
CALL-00000036,billing,0.9,v1.2.0
CALL-00000037,technical,0.91,v1.2.0
CALL-00000038,cancel,0.92,v1.2.0
CALL-00000039,upgrade,0.93,v1.2.0
CALL-00000040,account_change,0.94,v1.2.0
CALL-00000041,outage,0.95,v1.2.0
CALL-00000042,general_inquiry,0.96,v1.2.0
CALL-00000043,billing,0.97,v1.2.0
CALL-00000044,technical,0.98,v1.2.0
CALL-00000045,cancel,0.99,v1.2.0
CALL-00000046,upgrade,0.55,v1.2.0
CALL-00000047,account_change,0.56,v1.2.0
CALL-00000048,outage,0.57,v1.2.0
CALL-00000049,general_inquiry,0.58,v1.2.0
CALL-00000050,billing,0.59,v1.2.0
CALL-00000051,technical,0.6,v1.2.0
CALL-00000052,cancel,0.61,v1.2.0
CALL-00000053,upgrade,0.62,v1.2.0
CALL-00000054,account_change,0.63,v1.2.0
CALL-00000055,outage,0.64,v1.2.0
CALL-00000056,general_inquiry,0.65,v1.2.0
CALL-00000057,billing,0.66,v1.2.0
CALL-00000058,technical,0.67,v1.2.0
CALL-00000059,cancel,0.68,v1.2.0
CALL-00000060,upgrade,0.69,v1.2.0
CALL-00000061,account_change,0.7,v1.2.0
CALL-00000062,outage,0.71,v1.2.0
CALL-00000063,general_inquiry,0.72,v1.2.0
CALL-00000064,billing,0.73,v1.2.0
CALL-00000065,technical,0.74,v1.2.0
CALL-00000066,cancel,0.75,v1.2.0
CALL-00000067,upgrade,0.76,v1.2.0
CALL-00000068,account_change,0.77,v1.2.0
CALL-00000069,outage,0.78,v1.2.0
CALL-00000070,general_inquiry,0.79,v1.2.0
CALL-00000071,billing,0.8,v1.2.0
CALL-00000072,technical,0.81,v1.2.0
CALL-00000073,cancel,0.82,v1.2.0
CALL-00000074,upgrade,0.83,v1.2.0
CALL-00000075,account_change,0.84,v1.2.0
CALL-00000076,outage,0.85,v1.2.0
CALL-00000077,general_inquiry,0.86,v1.2.0
CALL-00000078,billing,0.87,v1.2.0
CALL-00000079,technical,0.88,v1.2.0
CALL-00000080,cancel,0.89,v1.2.0
CALL-00000081,upgrade,0.9,v1.2.0
CALL-00000082,account_change,0.91,v1.2.0
CALL-00000083,outage,0.92,v1.2.0
CALL-00000084,general_inquiry,0.93,v1.2.0
CALL-00000085,billing,0.94,v1.2.0
CALL-00000086,technical,0.95,v1.2.0
CALL-00000087,cancel,0.96,v1.2.0
CALL-00000088,upgrade,0.97,v1.2.0
CALL-00000089,account_change,0.98,v1.2.0
CALL-00000090,outage,0.99,v1.2.0
CALL-00000091,general_inquiry,0.55,v1.2.0
CALL-00000092,billing,0.56,v1.2.0
CALL-00000093,technical,0.57,v1.2.0
CALL-00000094,cancel,0.58,v1.2.0
CALL-00000095,upgrade,0.59,v1.2.0
CALL-00000096,account_change,0.6,v1.2.0
CALL-00000097,outage,0.61,v1.2.0
CALL-00000098,general_inquiry,0.62,v1.2.0
CALL-00000099,billing,0.63,v1.2.0
CALL-00000100,technical,0.64,v1.2.0
CALL-00000101,cancel,0.65,v1.2.0
CALL-00000102,upgrade,0.66,v1.2.0
CALL-00000103,account_change,0.67,v1.2.0
CALL-00000104,outage,0.68,v1.2.0
CALL-00000105,general_inquiry,0.69,v1.2.0
CALL-00000106,billing,0.7,v1.2.0
CALL-00000107,technical,0.71,v1.2.0
CALL-00000108,cancel,0.72,v1.2.0
CALL-00000109,upgrade,0.73,v1.2.0
CALL-00000110,account_change,0.74,v1.2.0
CALL-00000111,outage,0.75,v1.2.0
CALL-00000112,general_inquiry,0.76,v1.2.0
CALL-00000113,billing,0.77,v1.2.0
CALL-00000114,technical,0.78,v1.2.0
CALL-00000115,cancel,0.79,v1.2.0
CALL-00000116,upgrade,0.8,v1.2.0
CALL-00000117,account_change,0.81,v1.2.0
CALL-00000118,outage,0.82,v1.2.0
CALL-00000119,general_inquiry,0.83,v1.2.0
CALL-00000120,billing,0.84,v1.2.0
CALL-00000121,technical,0.85,v1.2.0
CALL-00000122,cancel,0.86,v1.2.0
CALL-00000123,upgrade,0.87,v1.2.0
CALL-00000124,account_change,0.88,v1.2.0
CALL-00000125,outage,0.89,v1.2.0
CALL-00000126,general_inquiry,0.9,v1.2.0
CALL-00000127,billing,0.91,v1.2.0
CALL-00000128,technical,0.92,v1.2.0
CALL-00000129,cancel,0.93,v1.2.0
CALL-00000130,upgrade,0.94,v1.2.0
CALL-00000131,account_change,0.95,v1.2.0
CALL-00000132,outage,0.96,v1.2.0
CALL-00000133,general_inquiry,0.97,v1.2.0
CALL-00000134,billing,0.98,v1.2.0
CALL-00000135,technical,0.99,v1.2.0
CALL-00000136,cancel,0.55,v1.2.0
CALL-00000137,upgrade,0.56,v1.2.0
CALL-00000138,account_change,0.57,v1.2.0
CALL-00000139,outage,0.58,v1.2.0
CALL-00000140,general_inquiry,0.59,v1.2.0
CALL-00000141,billing,0.6,v1.2.0
CALL-00000142,technical,0.61,v1.2.0
CALL-00000143,cancel,0.62,v1.2.0
CALL-00000144,upgrade,0.63,v1.2.0
CALL-00000145,account_change,0.64,v1.2.0
CALL-00000146,outage,0.65,v1.2.0
CALL-00000147,general_inquiry,0.66,v1.2.0
CALL-00000148,billing,0.67,v1.2.0
CALL-00000149,technical,0.68,v1.2.0
CALL-00000150,cancel,0.69,v1.2.0
CALL-00000151,upgrade,0.7,v1.2.0
CALL-00000152,account_change,0.71,v1.2.0
CALL-00000153,outage,0.72,v1.2.0
CALL-00000154,general_inquiry,0.73,v1.2.0
CALL-00000155,billing,0.74,v1.2.0
CALL-00000156,technical,0.75,v1.2.0
CALL-00000157,cancel,0.76,v1.2.0
CALL-00000158,upgrade,0.77,v1.2.0
CALL-00000159,account_change,0.78,v1.2.0
CALL-00000160,outage,0.79,v1.2.0
CALL-00000161,general_inquiry,0.8,v1.2.0
CALL-00000162,billing,0.81,v1.2.0
CALL-00000163,technical,0.82,v1.2.0
CALL-00000164,cancel,0.83,v1.2.0
CALL-00000165,upgrade,0.84,v1.2.0
CALL-00000166,account_change,0.85,v1.2.0
CALL-00000167,outage,0.86,v1.2.0
CALL-00000168,general_inquiry,0.87,v1.2.0
CALL-00000169,billing,0.88,v1.2.0
CALL-00000170,technical,0.89,v1.2.0
CALL-00000171,cancel,0.9,v1.2.0
CALL-00000172,upgrade,0.91,v1.2.0
CALL-00000173,account_change,0.92,v1.2.0
CALL-00000174,outage,0.93,v1.2.0
CALL-00000175,general_inquiry,0.94,v1.2.0
CALL-00000176,billing,0.95,v1.2.0
CALL-00000177,technical,0.96,v1.2.0
CALL-00000178,cancel,0.97,v1.2.0
CALL-00000179,upgrade,0.98,v1.2.0
CALL-00000180,account_change,0.99,v1.2.0
CALL-00000181,outage,0.55,v1.2.0
CALL-00000182,general_inquiry,0.56,v1.2.0
CALL-00000183,billing,0.57,v1.2.0
CALL-00000184,technical,0.58,v1.2.0
CALL-00000185,cancel,0.59,v1.2.0
CALL-00000186,upgrade,0.6,v1.2.0
CALL-00000187,account_change,0.61,v1.2.0
CALL-00000188,outage,0.62,v1.2.0
CALL-00000189,general_inquiry,0.63,v1.2.0
CALL-00000190,billing,0.64,v1.2.0
CALL-00000191,technical,0.65,v1.2.0
CALL-00000192,cancel,0.66,v1.2.0
CALL-00000193,upgrade,0.67,v1.2.0
CALL-00000194,account_change,0.68,v1.2.0
CALL-00000195,outage,0.69,v1.2.0
CALL-00000196,general_inquiry,0.7,v1.2.0
CALL-00000197,billing,0.71,v1.2.0
CALL-00000198,technical,0.72,v1.2.0
CALL-00000199,cancel,0.73,v1.2.0
CALL-00000200,upgrade,0.74,v1.2.0
CALL-00000201,account_change,0.75,v1.2.0
CALL-00000202,outage,0.76,v1.2.0
CALL-00000203,general_inquiry,0.77,v1.2.0
CALL-00000204,billing,0.78,v1.2.0
CALL-00000205,technical,0.79,v1.2.0
CALL-00000206,cancel,0.8,v1.2.0
CALL-00000207,upgrade,0.81,v1.2.0
CALL-00000208,account_change,0.82,v1.2.0
CALL-00000209,outage,0.83,v1.2.0
CALL-00000210,general_inquiry,0.84,v1.2.0
CALL-00000211,billing,0.85,v1.2.0
CALL-00000212,technical,0.86,v1.2.0
CALL-00000213,cancel,0.87,v1.2.0
CALL-00000214,upgrade,0.88,v1.2.0
CALL-00000215,account_change,0.89,v1.2.0
CALL-00000216,outage,0.9,v1.2.0
CALL-00000217,general_inquiry,0.91,v1.2.0
CALL-00000218,billing,0.92,v1.2.0
CALL-00000219,technical,0.93,v1.2.0
CALL-00000220,cancel,0.94,v1.2.0
CALL-00000221,upgrade,0.95,v1.2.0
CALL-00000222,account_change,0.96,v1.2.0
CALL-00000223,outage,0.97,v1.2.0
CALL-00000224,general_inquiry,0.98,v1.2.0
CALL-00000225,billing,0.99,v1.2.0
CALL-00000226,technical,0.55,v1.2.0
CALL-00000227,cancel,0.56,v1.2.0
CALL-00000228,upgrade,0.57,v1.2.0
CALL-00000229,account_change,0.58,v1.2.0
CALL-00000230,outage,0.59,v1.2.0
CALL-00000231,general_inquiry,0.6,v1.2.0
CALL-00000232,billing,0.61,v1.2.0
CALL-00000233,technical,0.62,v1.2.0
CALL-00000234,cancel,0.63,v1.2.0
CALL-00000235,upgrade,0.64,v1.2.0
CALL-00000236,account_change,0.65,v1.2.0
CALL-00000237,outage,0.66,v1.2.0
CALL-00000238,general_inquiry,0.67,v1.2.0
CALL-00000239,billing,0.68,v1.2.0
CALL-00000240,technical,0.69,v1.2.0
CALL-00000241,cancel,0.7,v1.2.0
CALL-00000242,upgrade,0.71,v1.2.0
CALL-00000243,account_change,0.72,v1.2.0
CALL-00000244,outage,0.73,v1.2.0
CALL-00000245,general_inquiry,0.74,v1.2.0
CALL-00000246,billing,0.75,v1.2.0
CALL-00000247,technical,0.76,v1.2.0
CALL-00000248,cancel,0.77,v1.2.0
CALL-00000249,upgrade,0.78,v1.2.0
CALL-00000250,account_change,0.79,v1.2.0
CALL-00000251,outage,0.8,v1.2.0
CALL-00000252,general_inquiry,0.81,v1.2.0
CALL-00000253,billing,0.82,v1.2.0
CALL-00000254,technical,0.83,v1.2.0
CALL-00000255,cancel,0.84,v1.2.0
CALL-00000256,upgrade,0.85,v1.2.0
CALL-00000257,account_change,0.86,v1.2.0
CALL-00000258,outage,0.87,v1.2.0
CALL-00000259,general_inquiry,0.88,v1.2.0
CALL-00000260,billing,0.89,v1.2.0
CALL-00000261,technical,0.9,v1.2.0
CALL-00000262,cancel,0.91,v1.2.0
CALL-00000263,upgrade,0.92,v1.2.0
CALL-00000264,account_change,0.93,v1.2.0
CALL-00000265,outage,0.94,v1.2.0
CALL-00000266,general_inquiry,0.95,v1.2.0
CALL-00000267,billing,0.96,v1.2.0
CALL-00000268,technical,0.97,v1.2.0
CALL-00000269,cancel,0.98,v1.2.0
CALL-00000270,upgrade,0.99,v1.2.0
CALL-00000271,account_change,0.55,v1.2.0
CALL-00000272,outage,0.56,v1.2.0
CALL-00000273,general_inquiry,0.57,v1.2.0
CALL-00000274,billing,0.58,v1.2.0
CALL-00000275,technical,0.59,v1.2.0
CALL-00000276,cancel,0.6,v1.2.0
CALL-00000277,upgrade,0.61,v1.2.0
CALL-00000278,account_change,0.62,v1.2.0
CALL-00000279,outage,0.63,v1.2.0
CALL-00000280,general_inquiry,0.64,v1.2.0
CALL-00000281,billing,0.65,v1.2.0
CALL-00000282,technical,0.66,v1.2.0
CALL-00000283,cancel,0.67,v1.2.0
CALL-00000284,upgrade,0.68,v1.2.0
CALL-00000285,account_change,0.69,v1.2.0
CALL-00000286,outage,0.7,v1.2.0
CALL-00000287,general_inquiry,0.71,v1.2.0
CALL-00000288,billing,0.72,v1.2.0
CALL-00000289,technical,0.73,v1.2.0
CALL-00000290,cancel,0.74,v1.2.0
CALL-00000291,upgrade,0.75,v1.2.0
CALL-00000292,account_change,0.76,v1.2.0
CALL-00000293,outage,0.77,v1.2.0
CALL-00000294,general_inquiry,0.78,v1.2.0
CALL-00000295,billing,0.79,v1.2.0
CALL-00000296,technical,0.8,v1.2.0
CALL-00000297,cancel,0.81,v1.2.0
CALL-00000298,upgrade,0.82,v1.2.0
CALL-00000299,account_change,0.83,v1.2.0
CALL-00000300,outage,0.84,v1.2.0
CALL-00000301,general_inquiry,0.85,v1.2.0
CALL-00000302,billing,0.86,v1.2.0
CALL-00000303,technical,0.87,v1.2.0
CALL-00000304,cancel,0.88,v1.2.0
CALL-00000305,upgrade,0.89,v1.2.0
CALL-00000306,account_change,0.9,v1.2.0
CALL-00000307,outage,0.91,v1.2.0
CALL-00000308,general_inquiry,0.92,v1.2.0
CALL-00000309,billing,0.93,v1.2.0
CALL-00000310,technical,0.94,v1.2.0
CALL-00000311,cancel,0.95,v1.2.0
CALL-00000312,upgrade,0.96,v1.2.0
CALL-00000313,account_change,0.97,v1.2.0
CALL-00000314,outage,0.98,v1.2.0
CALL-00000315,general_inquiry,0.99,v1.2.0
CALL-00000316,billing,0.55,v1.2.0
CALL-00000317,technical,0.56,v1.2.0
CALL-00000318,cancel,0.57,v1.2.0
CALL-00000319,upgrade,0.58,v1.2.0
CALL-00000320,account_change,0.59,v1.2.0
CALL-00000321,outage,0.6,v1.2.0
CALL-00000322,general_inquiry,0.61,v1.2.0
CALL-00000323,billing,0.62,v1.2.0
CALL-00000324,technical,0.63,v1.2.0
CALL-00000325,cancel,0.64,v1.2.0
CALL-00000326,upgrade,0.65,v1.2.0
CALL-00000327,account_change,0.66,v1.2.0
CALL-00000328,outage,0.67,v1.2.0
CALL-00000329,general_inquiry,0.68,v1.2.0
CALL-00000330,billing,0.69,v1.2.0
CALL-00000331,technical,0.7,v1.2.0
CALL-00000332,cancel,0.71,v1.2.0
CALL-00000333,upgrade,0.72,v1.2.0
CALL-00000334,account_change,0.73,v1.2.0
CALL-00000335,outage,0.74,v1.2.0
CALL-00000336,general_inquiry,0.75,v1.2.0
CALL-00000337,billing,0.76,v1.2.0
CALL-00000338,technical,0.77,v1.2.0
CALL-00000339,cancel,0.78,v1.2.0
CALL-00000340,upgrade,0.79,v1.2.0
CALL-00000341,account_change,0.8,v1.2.0
CALL-00000342,outage,0.81,v1.2.0
CALL-00000343,general_inquiry,0.82,v1.2.0
CALL-00000344,billing,0.83,v1.2.0
CALL-00000345,technical,0.84,v1.2.0
CALL-00000346,cancel,0.85,v1.2.0
CALL-00000347,upgrade,0.86,v1.2.0
CALL-00000348,account_change,0.87,v1.2.0
CALL-00000349,outage,0.88,v1.2.0
CALL-00000350,general_inquiry,0.89,v1.2.0
CALL-00000351,billing,0.9,v1.2.0
CALL-00000352,technical,0.91,v1.2.0
CALL-00000353,cancel,0.92,v1.2.0
CALL-00000354,upgrade,0.93,v1.2.0
CALL-00000355,account_change,0.94,v1.2.0
CALL-00000356,outage,0.95,v1.2.0
CALL-00000357,general_inquiry,0.96,v1.2.0
CALL-00000358,billing,0.97,v1.2.0
CALL-00000359,technical,0.98,v1.2.0
CALL-00000360,cancel,0.99,v1.2.0
CALL-00000361,upgrade,0.55,v1.2.0
CALL-00000362,account_change,0.56,v1.2.0
CALL-00000363,outage,0.57,v1.2.0
CALL-00000364,general_inquiry,0.58,v1.2.0
CALL-00000365,billing,0.59,v1.2.0
CALL-00000366,technical,0.6,v1.2.0
CALL-00000367,cancel,0.61,v1.2.0
CALL-00000368,upgrade,0.62,v1.2.0
CALL-00000369,account_change,0.63,v1.2.0
CALL-00000370,outage,0.64,v1.2.0
CALL-00000371,general_inquiry,0.65,v1.2.0
CALL-00000372,billing,0.66,v1.2.0
CALL-00000373,technical,0.67,v1.2.0
CALL-00000374,cancel,0.68,v1.2.0
CALL-00000375,upgrade,0.69,v1.2.0
CALL-00000376,account_change,0.7,v1.2.0
CALL-00000377,outage,0.71,v1.2.0
CALL-00000378,general_inquiry,0.72,v1.2.0
CALL-00000379,billing,0.73,v1.2.0
CALL-00000380,technical,0.74,v1.2.0
CALL-00000381,cancel,0.75,v1.2.0
CALL-00000382,upgrade,0.76,v1.2.0
CALL-00000383,account_change,0.77,v1.2.0
CALL-00000384,outage,0.78,v1.2.0
CALL-00000385,general_inquiry,0.79,v1.2.0
CALL-00000386,billing,0.8,v1.2.0
CALL-00000387,technical,0.81,v1.2.0
CALL-00000388,cancel,0.82,v1.2.0
CALL-00000389,upgrade,0.83,v1.2.0
CALL-00000390,account_change,0.84,v1.2.0
CALL-00000391,outage,0.85,v1.2.0
CALL-00000392,general_inquiry,0.86,v1.2.0
CALL-00000393,billing,0.87,v1.2.0
CALL-00000394,technical,0.88,v1.2.0
CALL-00000395,cancel,0.89,v1.2.0
CALL-00000396,upgrade,0.9,v1.2.0
CALL-00000397,account_change,0.91,v1.2.0
CALL-00000398,outage,0.92,v1.2.0
CALL-00000399,general_inquiry,0.93,v1.2.0
CALL-00000400,billing,0.94,v1.2.0
CALL-00000401,technical,0.95,v1.2.0
CALL-00000402,cancel,0.96,v1.2.0
CALL-00000403,upgrade,0.97,v1.2.0
CALL-00000404,account_change,0.98,v1.2.0
CALL-00000405,outage,0.99,v1.2.0
CALL-00000406,general_inquiry,0.55,v1.2.0
CALL-00000407,billing,0.56,v1.2.0
CALL-00000408,technical,0.57,v1.2.0
CALL-00000409,cancel,0.58,v1.2.0
CALL-00000410,upgrade,0.59,v1.2.0
CALL-00000411,account_change,0.6,v1.2.0
CALL-00000412,outage,0.61,v1.2.0
CALL-00000413,general_inquiry,0.62,v1.2.0
CALL-00000414,billing,0.63,v1.2.0
CALL-00000415,technical,0.64,v1.2.0
CALL-00000416,cancel,0.65,v1.2.0
CALL-00000417,upgrade,0.66,v1.2.0
CALL-00000418,account_change,0.67,v1.2.0
CALL-00000419,outage,0.68,v1.2.0
CALL-00000420,general_inquiry,0.69,v1.2.0
CALL-00000421,billing,0.7,v1.2.0
CALL-00000422,technical,0.71,v1.2.0
CALL-00000423,cancel,0.72,v1.2.0
CALL-00000424,upgrade,0.73,v1.2.0
CALL-00000425,account_change,0.74,v1.2.0
CALL-00000426,outage,0.75,v1.2.0
CALL-00000427,general_inquiry,0.76,v1.2.0
CALL-00000428,billing,0.77,v1.2.0
CALL-00000429,technical,0.78,v1.2.0
CALL-00000430,cancel,0.79,v1.2.0
CALL-00000431,upgrade,0.8,v1.2.0
CALL-00000432,account_change,0.81,v1.2.0
CALL-00000433,outage,0.82,v1.2.0
CALL-00000434,general_inquiry,0.83,v1.2.0
CALL-00000435,billing,0.84,v1.2.0
CALL-00000436,technical,0.85,v1.2.0
CALL-00000437,cancel,0.86,v1.2.0
CALL-00000438,upgrade,0.87,v1.2.0
CALL-00000439,account_change,0.88,v1.2.0
CALL-00000440,outage,0.89,v1.2.0
CALL-00000441,general_inquiry,0.9,v1.2.0
CALL-00000442,billing,0.91,v1.2.0
CALL-00000443,technical,0.92,v1.2.0
CALL-00000444,cancel,0.93,v1.2.0
CALL-00000445,upgrade,0.94,v1.2.0
CALL-00000446,account_change,0.95,v1.2.0
CALL-00000447,outage,0.96,v1.2.0
CALL-00000448,general_inquiry,0.97,v1.2.0
CALL-00000449,billing,0.98,v1.2.0
CALL-00000450,technical,0.99,v1.2.0
CALL-00000451,cancel,0.55,v1.2.0
CALL-00000452,upgrade,0.56,v1.2.0
CALL-00000453,account_change,0.57,v1.2.0
CALL-00000454,outage,0.58,v1.2.0
CALL-00000455,general_inquiry,0.59,v1.2.0
CALL-00000456,billing,0.6,v1.2.0
CALL-00000457,technical,0.61,v1.2.0
CALL-00000458,cancel,0.62,v1.2.0
CALL-00000459,upgrade,0.63,v1.2.0
CALL-00000460,account_change,0.64,v1.2.0
CALL-00000461,outage,0.65,v1.2.0
CALL-00000462,general_inquiry,0.66,v1.2.0
CALL-00000463,billing,0.67,v1.2.0
CALL-00000464,technical,0.68,v1.2.0
CALL-00000465,cancel,0.69,v1.2.0
CALL-00000466,upgrade,0.7,v1.2.0
CALL-00000467,account_change,0.71,v1.2.0
CALL-00000468,outage,0.72,v1.2.0
CALL-00000469,general_inquiry,0.73,v1.2.0
CALL-00000470,billing,0.74,v1.2.0
CALL-00000471,technical,0.75,v1.2.0
CALL-00000472,cancel,0.76,v1.2.0
CALL-00000473,upgrade,0.77,v1.2.0
CALL-00000474,account_change,0.78,v1.2.0
CALL-00000475,outage,0.79,v1.2.0
CALL-00000476,general_inquiry,0.8,v1.2.0
CALL-00000477,billing,0.81,v1.2.0
CALL-00000478,technical,0.82,v1.2.0
CALL-00000479,cancel,0.83,v1.2.0
CALL-00000480,upgrade,0.84,v1.2.0
CALL-00000481,account_change,0.85,v1.2.0
CALL-00000482,outage,0.86,v1.2.0
CALL-00000483,general_inquiry,0.87,v1.2.0
CALL-00000484,billing,0.88,v1.2.0
CALL-00000485,technical,0.89,v1.2.0
CALL-00000486,cancel,0.9,v1.2.0
CALL-00000487,upgrade,0.91,v1.2.0
CALL-00000488,account_change,0.92,v1.2.0
CALL-00000489,outage,0.93,v1.2.0
CALL-00000490,general_inquiry,0.94,v1.2.0
CALL-00000491,billing,0.95,v1.2.0
CALL-00000492,technical,0.96,v1.2.0
CALL-00000493,cancel,0.97,v1.2.0
CALL-00000494,upgrade,0.98,v1.2.0
CALL-00000495,account_change,0.99,v1.2.0
CALL-00000496,outage,0.55,v1.2.0
CALL-00000497,general_inquiry,0.56,v1.2.0
CALL-00000498,billing,0.57,v1.2.0
CALL-00000499,technical,0.58,v1.2.0
CALL-00000500,cancel,0.59,v1.2.0
CALL-00000501,upgrade,0.6,v1.2.0
CALL-00000502,account_change,0.61,v1.2.0
CALL-00000503,outage,0.62,v1.2.0
CALL-00000504,general_inquiry,0.63,v1.2.0
CALL-00000505,billing,0.64,v1.2.0
CALL-00000506,technical,0.65,v1.2.0
CALL-00000507,cancel,0.66,v1.2.0
CALL-00000508,upgrade,0.67,v1.2.0
CALL-00000509,account_change,0.68,v1.2.0
CALL-00000510,outage,0.69,v1.2.0
CALL-00000511,general_inquiry,0.7,v1.2.0
CALL-00000512,billing,0.71,v1.2.0
CALL-00000513,technical,0.72,v1.2.0
CALL-00000514,cancel,0.73,v1.2.0
CALL-00000515,upgrade,0.74,v1.2.0
CALL-00000516,account_change,0.75,v1.2.0
CALL-00000517,outage,0.76,v1.2.0
CALL-00000518,general_inquiry,0.77,v1.2.0
CALL-00000519,billing,0.78,v1.2.0
CALL-00000520,technical,0.79,v1.2.0
CALL-00000521,cancel,0.8,v1.2.0
CALL-00000522,upgrade,0.81,v1.2.0
CALL-00000523,account_change,0.82,v1.2.0
CALL-00000524,outage,0.83,v1.2.0
CALL-00000525,general_inquiry,0.84,v1.2.0
CALL-00000526,billing,0.85,v1.2.0
CALL-00000527,technical,0.86,v1.2.0
CALL-00000528,cancel,0.87,v1.2.0
CALL-00000529,upgrade,0.88,v1.2.0
CALL-00000530,account_change,0.89,v1.2.0
CALL-00000531,outage,0.9,v1.2.0
CALL-00000532,general_inquiry,0.91,v1.2.0
CALL-00000533,billing,0.92,v1.2.0
CALL-00000534,technical,0.93,v1.2.0
CALL-00000535,cancel,0.94,v1.2.0
CALL-00000536,upgrade,0.95,v1.2.0
CALL-00000537,account_change,0.96,v1.2.0
CALL-00000538,outage,0.97,v1.2.0
CALL-00000539,general_inquiry,0.98,v1.2.0
CALL-00000540,billing,0.99,v1.2.0
CALL-00000541,technical,0.55,v1.2.0
CALL-00000542,cancel,0.56,v1.2.0
CALL-00000543,upgrade,0.57,v1.2.0
CALL-00000544,account_change,0.58,v1.2.0
CALL-00000545,outage,0.59,v1.2.0
CALL-00000546,general_inquiry,0.6,v1.2.0
CALL-00000547,billing,0.61,v1.2.0
CALL-00000548,technical,0.62,v1.2.0
CALL-00000549,cancel,0.63,v1.2.0
CALL-00000550,upgrade,0.64,v1.2.0
CALL-00000551,account_change,0.65,v1.2.0
CALL-00000552,outage,0.66,v1.2.0
CALL-00000553,general_inquiry,0.67,v1.2.0
CALL-00000554,billing,0.68,v1.2.0
CALL-00000555,technical,0.69,v1.2.0
CALL-00000556,cancel,0.7,v1.2.0
CALL-00000557,upgrade,0.71,v1.2.0
CALL-00000558,account_change,0.72,v1.2.0
CALL-00000559,outage,0.73,v1.2.0
CALL-00000560,general_inquiry,0.74,v1.2.0
CALL-00000561,billing,0.75,v1.2.0
CALL-00000562,technical,0.76,v1.2.0
CALL-00000563,cancel,0.77,v1.2.0
CALL-00000564,upgrade,0.78,v1.2.0
CALL-00000565,account_change,0.79,v1.2.0
CALL-00000566,outage,0.8,v1.2.0
CALL-00000567,general_inquiry,0.81,v1.2.0
CALL-00000568,billing,0.82,v1.2.0
CALL-00000569,technical,0.83,v1.2.0
CALL-00000570,cancel,0.84,v1.2.0
CALL-00000571,upgrade,0.85,v1.2.0
CALL-00000572,account_change,0.86,v1.2.0
CALL-00000573,outage,0.87,v1.2.0
CALL-00000574,general_inquiry,0.88,v1.2.0
CALL-00000575,billing,0.89,v1.2.0
CALL-00000576,technical,0.9,v1.2.0
CALL-00000577,cancel,0.91,v1.2.0
CALL-00000578,upgrade,0.92,v1.2.0
CALL-00000579,account_change,0.93,v1.2.0
CALL-00000580,outage,0.94,v1.2.0
CALL-00000581,general_inquiry,0.95,v1.2.0
CALL-00000582,billing,0.96,v1.2.0
CALL-00000583,technical,0.97,v1.2.0
CALL-00000584,cancel,0.98,v1.2.0
CALL-00000585,upgrade,0.99,v1.2.0
CALL-00000586,account_change,0.55,v1.2.0
CALL-00000587,outage,0.56,v1.2.0
CALL-00000588,general_inquiry,0.57,v1.2.0
CALL-00000589,billing,0.58,v1.2.0
CALL-00000590,technical,0.59,v1.2.0
CALL-00000591,cancel,0.6,v1.2.0
CALL-00000592,upgrade,0.61,v1.2.0
CALL-00000593,account_change,0.62,v1.2.0
CALL-00000594,outage,0.63,v1.2.0
CALL-00000595,general_inquiry,0.64,v1.2.0
CALL-00000596,billing,0.65,v1.2.0
CALL-00000597,technical,0.66,v1.2.0
CALL-00000598,cancel,0.67,v1.2.0
CALL-00000599,upgrade,0.68,v1.2.0
CALL-00000600,account_change,0.69,v1.2.0
CALL-00000601,outage,0.7,v1.2.0
CALL-00000602,general_inquiry,0.71,v1.2.0
CALL-00000603,billing,0.72,v1.2.0
CALL-00000604,technical,0.73,v1.2.0
CALL-00000605,cancel,0.74,v1.2.0
CALL-00000606,upgrade,0.75,v1.2.0
CALL-00000607,account_change,0.76,v1.2.0
CALL-00000608,outage,0.77,v1.2.0
CALL-00000609,general_inquiry,0.78,v1.2.0
CALL-00000610,billing,0.79,v1.2.0
CALL-00000611,technical,0.8,v1.2.0
CALL-00000612,cancel,0.81,v1.2.0
CALL-00000613,upgrade,0.82,v1.2.0
CALL-00000614,account_change,0.83,v1.2.0
CALL-00000615,outage,0.84,v1.2.0
CALL-00000616,general_inquiry,0.85,v1.2.0
CALL-00000617,billing,0.86,v1.2.0
CALL-00000618,technical,0.87,v1.2.0
CALL-00000619,cancel,0.88,v1.2.0
CALL-00000620,upgrade,0.89,v1.2.0
CALL-00000621,account_change,0.9,v1.2.0
CALL-00000622,outage,0.91,v1.2.0
CALL-00000623,general_inquiry,0.92,v1.2.0
CALL-00000624,billing,0.93,v1.2.0
CALL-00000625,technical,0.94,v1.2.0
CALL-00000626,cancel,0.95,v1.2.0
CALL-00000627,upgrade,0.96,v1.2.0
CALL-00000628,account_change,0.97,v1.2.0
CALL-00000629,outage,0.98,v1.2.0
CALL-00000630,general_inquiry,0.99,v1.2.0
CALL-00000631,billing,0.55,v1.2.0
CALL-00000632,technical,0.56,v1.2.0
CALL-00000633,cancel,0.57,v1.2.0
CALL-00000634,upgrade,0.58,v1.2.0
CALL-00000635,account_change,0.59,v1.2.0
CALL-00000636,outage,0.6,v1.2.0
CALL-00000637,general_inquiry,0.61,v1.2.0
CALL-00000638,billing,0.62,v1.2.0
CALL-00000639,technical,0.63,v1.2.0
CALL-00000640,cancel,0.64,v1.2.0
CALL-00000641,upgrade,0.65,v1.2.0
CALL-00000642,account_change,0.66,v1.2.0
CALL-00000643,outage,0.67,v1.2.0
CALL-00000644,general_inquiry,0.68,v1.2.0
CALL-00000645,billing,0.69,v1.2.0
CALL-00000646,technical,0.7,v1.2.0
CALL-00000647,cancel,0.71,v1.2.0
CALL-00000648,upgrade,0.72,v1.2.0
CALL-00000649,account_change,0.73,v1.2.0
CALL-00000650,outage,0.74,v1.2.0
CALL-00000651,general_inquiry,0.75,v1.2.0
CALL-00000652,billing,0.76,v1.2.0
CALL-00000653,technical,0.77,v1.2.0
CALL-00000654,cancel,0.78,v1.2.0
CALL-00000655,upgrade,0.79,v1.2.0
CALL-00000656,account_change,0.8,v1.2.0
CALL-00000657,outage,0.81,v1.2.0
CALL-00000658,general_inquiry,0.82,v1.2.0
CALL-00000659,billing,0.83,v1.2.0
CALL-00000660,technical,0.84,v1.2.0
CALL-00000661,cancel,0.85,v1.2.0
CALL-00000662,upgrade,0.86,v1.2.0
CALL-00000663,account_change,0.87,v1.2.0
CALL-00000664,outage,0.88,v1.2.0
CALL-00000665,general_inquiry,0.89,v1.2.0
CALL-00000666,billing,0.9,v1.2.0
CALL-00000667,technical,0.91,v1.2.0
CALL-00000668,cancel,0.92,v1.2.0
CALL-00000669,upgrade,0.93,v1.2.0
CALL-00000670,account_change,0.94,v1.2.0
CALL-00000671,outage,0.95,v1.2.0
CALL-00000672,general_inquiry,0.96,v1.2.0
CALL-00000673,billing,0.97,v1.2.0
CALL-00000674,technical,0.98,v1.2.0
CALL-00000675,cancel,0.99,v1.2.0
CALL-00000676,upgrade,0.55,v1.2.0
CALL-00000677,account_change,0.56,v1.2.0
CALL-00000678,outage,0.57,v1.2.0
CALL-00000679,general_inquiry,0.58,v1.2.0
CALL-00000680,billing,0.59,v1.2.0
CALL-00000681,technical,0.6,v1.2.0
CALL-00000682,cancel,0.61,v1.2.0
CALL-00000683,upgrade,0.62,v1.2.0
CALL-00000684,account_change,0.63,v1.2.0
CALL-00000685,outage,0.64,v1.2.0
CALL-00000686,general_inquiry,0.65,v1.2.0
CALL-00000687,billing,0.66,v1.2.0
CALL-00000688,technical,0.67,v1.2.0
CALL-00000689,cancel,0.68,v1.2.0
CALL-00000690,upgrade,0.69,v1.2.0
CALL-00000691,account_change,0.7,v1.2.0
CALL-00000692,outage,0.71,v1.2.0
CALL-00000693,general_inquiry,0.72,v1.2.0
CALL-00000694,billing,0.73,v1.2.0
CALL-00000695,technical,0.74,v1.2.0
CALL-00000696,cancel,0.75,v1.2.0
CALL-00000697,upgrade,0.76,v1.2.0
CALL-00000698,account_change,0.77,v1.2.0
CALL-00000699,outage,0.78,v1.2.0
CALL-00000700,general_inquiry,0.79,v1.2.0
CALL-00000701,billing,0.8,v1.2.0
CALL-00000702,technical,0.81,v1.2.0
CALL-00000703,cancel,0.82,v1.2.0
CALL-00000704,upgrade,0.83,v1.2.0
CALL-00000705,account_change,0.84,v1.2.0
CALL-00000706,outage,0.85,v1.2.0
CALL-00000707,general_inquiry,0.86,v1.2.0
CALL-00000708,billing,0.87,v1.2.0
CALL-00000709,technical,0.88,v1.2.0
CALL-00000710,cancel,0.89,v1.2.0
CALL-00000711,upgrade,0.9,v1.2.0
CALL-00000712,account_change,0.91,v1.2.0
CALL-00000713,outage,0.92,v1.2.0
CALL-00000714,general_inquiry,0.93,v1.2.0
CALL-00000715,billing,0.94,v1.2.0
CALL-00000716,technical,0.95,v1.2.0
CALL-00000717,cancel,0.96,v1.2.0
CALL-00000718,upgrade,0.97,v1.2.0
CALL-00000719,account_change,0.98,v1.2.0
CALL-00000720,outage,0.99,v1.2.0
CALL-00000721,general_inquiry,0.55,v1.2.0
CALL-00000722,billing,0.56,v1.2.0
CALL-00000723,technical,0.57,v1.2.0
CALL-00000724,cancel,0.58,v1.2.0
CALL-00000725,upgrade,0.59,v1.2.0
CALL-00000726,account_change,0.6,v1.2.0
CALL-00000727,outage,0.61,v1.2.0
CALL-00000728,general_inquiry,0.62,v1.2.0
CALL-00000729,billing,0.63,v1.2.0
CALL-00000730,technical,0.64,v1.2.0
CALL-00000731,cancel,0.65,v1.2.0
CALL-00000732,upgrade,0.66,v1.2.0
CALL-00000733,account_change,0.67,v1.2.0
CALL-00000734,outage,0.68,v1.2.0
CALL-00000735,general_inquiry,0.69,v1.2.0
CALL-00000736,billing,0.7,v1.2.0
CALL-00000737,technical,0.71,v1.2.0
CALL-00000738,cancel,0.72,v1.2.0
CALL-00000739,upgrade,0.73,v1.2.0
CALL-00000740,account_change,0.74,v1.2.0
CALL-00000741,outage,0.75,v1.2.0
CALL-00000742,general_inquiry,0.76,v1.2.0
CALL-00000743,billing,0.77,v1.2.0
CALL-00000744,technical,0.78,v1.2.0
CALL-00000745,cancel,0.79,v1.2.0
CALL-00000746,upgrade,0.8,v1.2.0
CALL-00000747,account_change,0.81,v1.2.0
CALL-00000748,outage,0.82,v1.2.0
CALL-00000749,general_inquiry,0.83,v1.2.0
CALL-00000750,billing,0.84,v1.2.0
CALL-00000751,technical,0.85,v1.2.0
CALL-00000752,cancel,0.86,v1.2.0
CALL-00000753,upgrade,0.87,v1.2.0
CALL-00000754,account_change,0.88,v1.2.0
CALL-00000755,outage,0.89,v1.2.0
CALL-00000756,general_inquiry,0.9,v1.2.0
CALL-00000757,billing,0.91,v1.2.0
CALL-00000758,technical,0.92,v1.2.0
CALL-00000759,cancel,0.93,v1.2.0
CALL-00000760,upgrade,0.94,v1.2.0
CALL-00000761,account_change,0.95,v1.2.0
CALL-00000762,outage,0.96,v1.2.0
CALL-00000763,general_inquiry,0.97,v1.2.0
CALL-00000764,billing,0.98,v1.2.0
CALL-00000765,technical,0.99,v1.2.0
CALL-00000766,cancel,0.55,v1.2.0
CALL-00000767,upgrade,0.56,v1.2.0
CALL-00000768,account_change,0.57,v1.2.0
CALL-00000769,outage,0.58,v1.2.0
CALL-00000770,general_inquiry,0.59,v1.2.0
CALL-00000771,billing,0.6,v1.2.0
CALL-00000772,technical,0.61,v1.2.0
CALL-00000773,cancel,0.62,v1.2.0
CALL-00000774,upgrade,0.63,v1.2.0
CALL-00000775,account_change,0.64,v1.2.0
CALL-00000776,outage,0.65,v1.2.0
CALL-00000777,general_inquiry,0.66,v1.2.0
CALL-00000778,billing,0.67,v1.2.0
CALL-00000779,technical,0.68,v1.2.0
CALL-00000780,cancel,0.69,v1.2.0
CALL-00000781,upgrade,0.7,v1.2.0
CALL-00000782,account_change,0.71,v1.2.0
CALL-00000783,outage,0.72,v1.2.0
CALL-00000784,general_inquiry,0.73,v1.2.0
CALL-00000785,billing,0.74,v1.2.0
CALL-00000786,technical,0.75,v1.2.0
CALL-00000787,cancel,0.76,v1.2.0
CALL-00000788,upgrade,0.77,v1.2.0
CALL-00000789,account_change,0.78,v1.2.0
CALL-00000790,outage,0.79,v1.2.0
CALL-00000791,general_inquiry,0.8,v1.2.0
CALL-00000792,billing,0.81,v1.2.0
CALL-00000793,technical,0.82,v1.2.0
CALL-00000794,cancel,0.83,v1.2.0
CALL-00000795,upgrade,0.84,v1.2.0
CALL-00000796,account_change,0.85,v1.2.0
CALL-00000797,outage,0.86,v1.2.0
CALL-00000798,general_inquiry,0.87,v1.2.0
CALL-00000799,billing,0.88,v1.2.0
CALL-00000800,technical,0.89,v1.2.0
CALL-00000801,cancel,0.9,v1.2.0
CALL-00000802,upgrade,0.91,v1.2.0
CALL-00000803,account_change,0.92,v1.2.0
CALL-00000804,outage,0.93,v1.2.0
CALL-00000805,general_inquiry,0.94,v1.2.0
CALL-00000806,billing,0.95,v1.2.0
CALL-00000807,technical,0.96,v1.2.0
CALL-00000808,cancel,0.97,v1.2.0
CALL-00000809,upgrade,0.98,v1.2.0
CALL-00000810,account_change,0.99,v1.2.0
CALL-00000811,outage,0.55,v1.2.0
CALL-00000812,general_inquiry,0.56,v1.2.0
CALL-00000813,billing,0.57,v1.2.0
CALL-00000814,technical,0.58,v1.2.0
CALL-00000815,cancel,0.59,v1.2.0
CALL-00000816,upgrade,0.6,v1.2.0
CALL-00000817,account_change,0.61,v1.2.0
CALL-00000818,outage,0.62,v1.2.0
CALL-00000819,general_inquiry,0.63,v1.2.0
CALL-00000820,billing,0.64,v1.2.0
CALL-00000821,technical,0.65,v1.2.0
CALL-00000822,cancel,0.66,v1.2.0
CALL-00000823,upgrade,0.67,v1.2.0
CALL-00000824,account_change,0.68,v1.2.0
CALL-00000825,outage,0.69,v1.2.0
CALL-00000826,general_inquiry,0.7,v1.2.0
CALL-00000827,billing,0.71,v1.2.0
CALL-00000828,technical,0.72,v1.2.0
CALL-00000829,cancel,0.73,v1.2.0
CALL-00000830,upgrade,0.74,v1.2.0
CALL-00000831,account_change,0.75,v1.2.0
CALL-00000832,outage,0.76,v1.2.0
CALL-00000833,general_inquiry,0.77,v1.2.0
CALL-00000834,billing,0.78,v1.2.0
CALL-00000835,technical,0.79,v1.2.0
CALL-00000836,cancel,0.8,v1.2.0
CALL-00000837,upgrade,0.81,v1.2.0
CALL-00000838,account_change,0.82,v1.2.0
CALL-00000839,outage,0.83,v1.2.0
CALL-00000840,general_inquiry,0.84,v1.2.0
CALL-00000841,billing,0.85,v1.2.0
CALL-00000842,technical,0.86,v1.2.0
CALL-00000843,cancel,0.87,v1.2.0
CALL-00000844,upgrade,0.88,v1.2.0
CALL-00000845,account_change,0.89,v1.2.0
CALL-00000846,outage,0.9,v1.2.0
CALL-00000847,general_inquiry,0.91,v1.2.0
CALL-00000848,billing,0.92,v1.2.0
CALL-00000849,technical,0.93,v1.2.0
CALL-00000850,cancel,0.94,v1.2.0
CALL-00000851,upgrade,0.95,v1.2.0
CALL-00000852,account_change,0.96,v1.2.0
CALL-00000853,outage,0.97,v1.2.0
CALL-00000854,general_inquiry,0.98,v1.2.0
CALL-00000855,billing,0.99,v1.2.0
CALL-00000856,technical,0.55,v1.2.0
CALL-00000857,cancel,0.56,v1.2.0
CALL-00000858,upgrade,0.57,v1.2.0
CALL-00000859,account_change,0.58,v1.2.0
CALL-00000860,outage,0.59,v1.2.0
CALL-00000861,general_inquiry,0.6,v1.2.0
CALL-00000862,billing,0.61,v1.2.0
CALL-00000863,technical,0.62,v1.2.0
CALL-00000864,cancel,0.63,v1.2.0
CALL-00000865,upgrade,0.64,v1.2.0
CALL-00000866,account_change,0.65,v1.2.0
CALL-00000867,outage,0.66,v1.2.0
CALL-00000868,general_inquiry,0.67,v1.2.0
CALL-00000869,billing,0.68,v1.2.0
CALL-00000870,technical,0.69,v1.2.0
CALL-00000871,cancel,0.7,v1.2.0
CALL-00000872,upgrade,0.71,v1.2.0
CALL-00000873,account_change,0.72,v1.2.0
CALL-00000874,outage,0.73,v1.2.0
CALL-00000875,general_inquiry,0.74,v1.2.0
CALL-00000876,billing,0.75,v1.2.0
CALL-00000877,technical,0.76,v1.2.0
CALL-00000878,cancel,0.77,v1.2.0
CALL-00000879,upgrade,0.78,v1.2.0
CALL-00000880,account_change,0.79,v1.2.0
CALL-00000881,outage,0.8,v1.2.0
CALL-00000882,general_inquiry,0.81,v1.2.0
CALL-00000883,billing,0.82,v1.2.0
CALL-00000884,technical,0.83,v1.2.0
CALL-00000885,cancel,0.84,v1.2.0
CALL-00000886,upgrade,0.85,v1.2.0
CALL-00000887,account_change,0.86,v1.2.0
CALL-00000888,outage,0.87,v1.2.0
CALL-00000889,general_inquiry,0.88,v1.2.0
CALL-00000890,billing,0.89,v1.2.0
CALL-00000891,technical,0.9,v1.2.0
CALL-00000892,cancel,0.91,v1.2.0
CALL-00000893,upgrade,0.92,v1.2.0
CALL-00000894,account_change,0.93,v1.2.0
CALL-00000895,outage,0.94,v1.2.0
CALL-00000896,general_inquiry,0.95,v1.2.0
CALL-00000897,billing,0.96,v1.2.0
CALL-00000898,technical,0.97,v1.2.0
CALL-00000899,cancel,0.98,v1.2.0
CALL-00000900,upgrade,0.99,v1.2.0
CALL-00000901,account_change,0.55,v1.2.0
CALL-00000902,outage,0.56,v1.2.0
CALL-00000903,general_inquiry,0.57,v1.2.0
CALL-00000904,billing,0.58,v1.2.0
CALL-00000905,technical,0.59,v1.2.0
CALL-00000906,cancel,0.6,v1.2.0
CALL-00000907,upgrade,0.61,v1.2.0
CALL-00000908,account_change,0.62,v1.2.0
CALL-00000909,outage,0.63,v1.2.0
CALL-00000910,general_inquiry,0.64,v1.2.0
CALL-00000911,billing,0.65,v1.2.0
CALL-00000912,technical,0.66,v1.2.0
CALL-00000913,cancel,0.67,v1.2.0
CALL-00000914,upgrade,0.68,v1.2.0
CALL-00000915,account_change,0.69,v1.2.0
CALL-00000916,outage,0.7,v1.2.0
CALL-00000917,general_inquiry,0.71,v1.2.0
CALL-00000918,billing,0.72,v1.2.0
CALL-00000919,technical,0.73,v1.2.0
CALL-00000920,cancel,0.74,v1.2.0
CALL-00000921,upgrade,0.75,v1.2.0
CALL-00000922,account_change,0.76,v1.2.0
CALL-00000923,outage,0.77,v1.2.0
CALL-00000924,general_inquiry,0.78,v1.2.0
CALL-00000925,billing,0.79,v1.2.0
CALL-00000926,technical,0.8,v1.2.0
CALL-00000927,cancel,0.81,v1.2.0
CALL-00000928,upgrade,0.82,v1.2.0
CALL-00000929,account_change,0.83,v1.2.0
CALL-00000930,outage,0.84,v1.2.0
CALL-00000931,general_inquiry,0.85,v1.2.0
CALL-00000932,billing,0.86,v1.2.0
CALL-00000933,technical,0.87,v1.2.0
CALL-00000934,cancel,0.88,v1.2.0
CALL-00000935,upgrade,0.89,v1.2.0
CALL-00000936,account_change,0.9,v1.2.0
CALL-00000937,outage,0.91,v1.2.0
CALL-00000938,general_inquiry,0.92,v1.2.0
CALL-00000939,billing,0.93,v1.2.0
CALL-00000940,technical,0.94,v1.2.0
CALL-00000941,cancel,0.95,v1.2.0
CALL-00000942,upgrade,0.96,v1.2.0
CALL-00000943,account_change,0.97,v1.2.0
CALL-00000944,outage,0.98,v1.2.0
CALL-00000945,general_inquiry,0.99,v1.2.0
CALL-00000946,billing,0.55,v1.2.0
CALL-00000947,technical,0.56,v1.2.0
CALL-00000948,cancel,0.57,v1.2.0
CALL-00000949,upgrade,0.58,v1.2.0
CALL-00000950,account_change,0.59,v1.2.0
CALL-00000951,outage,0.6,v1.2.0
CALL-00000952,general_inquiry,0.61,v1.2.0
CALL-00000953,billing,0.62,v1.2.0
CALL-00000954,technical,0.63,v1.2.0
CALL-00000955,cancel,0.64,v1.2.0
CALL-00000956,upgrade,0.65,v1.2.0
CALL-00000957,account_change,0.66,v1.2.0
CALL-00000958,outage,0.67,v1.2.0
CALL-00000959,general_inquiry,0.68,v1.2.0
CALL-00000960,billing,0.69,v1.2.0
CALL-00000961,technical,0.7,v1.2.0
CALL-00000962,cancel,0.71,v1.2.0
CALL-00000963,upgrade,0.72,v1.2.0
CALL-00000964,account_change,0.73,v1.2.0
CALL-00000965,outage,0.74,v1.2.0
CALL-00000966,general_inquiry,0.75,v1.2.0
CALL-00000967,billing,0.76,v1.2.0
CALL-00000968,technical,0.77,v1.2.0
CALL-00000969,cancel,0.78,v1.2.0
CALL-00000970,upgrade,0.79,v1.2.0
CALL-00000971,account_change,0.8,v1.2.0
CALL-00000972,outage,0.81,v1.2.0
CALL-00000973,general_inquiry,0.82,v1.2.0
CALL-00000974,billing,0.83,v1.2.0
CALL-00000975,technical,0.84,v1.2.0
CALL-00000976,cancel,0.85,v1.2.0
CALL-00000977,upgrade,0.86,v1.2.0
CALL-00000978,account_change,0.87,v1.2.0
CALL-00000979,outage,0.88,v1.2.0
CALL-00000980,general_inquiry,0.89,v1.2.0
CALL-00000981,billing,0.9,v1.2.0
CALL-00000982,technical,0.91,v1.2.0
CALL-00000983,cancel,0.92,v1.2.0
CALL-00000984,upgrade,0.93,v1.2.0
CALL-00000985,account_change,0.94,v1.2.0
CALL-00000986,outage,0.95,v1.2.0
CALL-00000987,general_inquiry,0.96,v1.2.0
CALL-00000988,billing,0.97,v1.2.0
CALL-00000989,technical,0.98,v1.2.0
CALL-00000990,cancel,0.99,v1.2.0
CALL-00000991,upgrade,0.55,v1.2.0
CALL-00000992,account_change,0.56,v1.2.0
CALL-00000993,outage,0.57,v1.2.0
CALL-00000994,general_inquiry,0.58,v1.2.0
CALL-00000995,billing,0.59,v1.2.0
CALL-00000996,technical,0.6,v1.2.0
CALL-00000997,cancel,0.61,v1.2.0
CALL-00000998,upgrade,0.62,v1.2.0
CALL-00000999,account_change,0.63,v1.2.0
CALL-00001000,outage,0.64,v1.2.0
CALL-00001001,general_inquiry,0.65,v1.2.0
CALL-00001002,billing,0.66,v1.2.0
CALL-00001003,technical,0.67,v1.2.0
CALL-00001004,cancel,0.68,v1.2.0
CALL-00001005,upgrade,0.69,v1.2.0
CALL-00001006,account_change,0.7,v1.2.0
CALL-00001007,outage,0.71,v1.2.0
CALL-00001008,general_inquiry,0.72,v1.2.0
CALL-00001009,billing,0.73,v1.2.0
CALL-00001010,technical,0.74,v1.2.0
CALL-00001011,cancel,0.75,v1.2.0
CALL-00001012,upgrade,0.76,v1.2.0
CALL-00001013,account_change,0.77,v1.2.0
CALL-00001014,outage,0.78,v1.2.0
CALL-00001015,general_inquiry,0.79,v1.2.0
CALL-00001016,billing,0.8,v1.2.0
CALL-00001017,technical,0.81,v1.2.0
CALL-00001018,cancel,0.82,v1.2.0
CALL-00001019,upgrade,0.83,v1.2.0
CALL-00001020,account_change,0.84,v1.2.0
CALL-00001021,outage,0.85,v1.2.0
CALL-00001022,general_inquiry,0.86,v1.2.0
CALL-00001023,billing,0.87,v1.2.0
CALL-00001024,technical,0.88,v1.2.0
CALL-00001025,cancel,0.89,v1.2.0
CALL-00001026,upgrade,0.9,v1.2.0
CALL-00001027,account_change,0.91,v1.2.0
CALL-00001028,outage,0.92,v1.2.0
CALL-00001029,general_inquiry,0.93,v1.2.0
CALL-00001030,billing,0.94,v1.2.0
CALL-00001031,technical,0.95,v1.2.0
CALL-00001032,cancel,0.96,v1.2.0
CALL-00001033,upgrade,0.97,v1.2.0
CALL-00001034,account_change,0.98,v1.2.0
CALL-00001035,outage,0.99,v1.2.0
CALL-00001036,general_inquiry,0.55,v1.2.0
CALL-00001037,billing,0.56,v1.2.0
CALL-00001038,technical,0.57,v1.2.0
CALL-00001039,cancel,0.58,v1.2.0
CALL-00001040,upgrade,0.59,v1.2.0
CALL-00001041,account_change,0.6,v1.2.0
CALL-00001042,outage,0.61,v1.2.0
CALL-00001043,general_inquiry,0.62,v1.2.0
CALL-00001044,billing,0.63,v1.2.0
CALL-00001045,technical,0.64,v1.2.0
CALL-00001046,cancel,0.65,v1.2.0
CALL-00001047,upgrade,0.66,v1.2.0
CALL-00001048,account_change,0.67,v1.2.0
CALL-00001049,outage,0.68,v1.2.0
CALL-00001050,general_inquiry,0.69,v1.2.0
CALL-00001051,billing,0.7,v1.2.0
CALL-00001052,technical,0.71,v1.2.0
CALL-00001053,cancel,0.72,v1.2.0
CALL-00001054,upgrade,0.73,v1.2.0
CALL-00001055,account_change,0.74,v1.2.0
CALL-00001056,outage,0.75,v1.2.0
CALL-00001057,general_inquiry,0.76,v1.2.0
CALL-00001058,billing,0.77,v1.2.0
CALL-00001059,technical,0.78,v1.2.0
CALL-00001060,cancel,0.79,v1.2.0
CALL-00001061,upgrade,0.8,v1.2.0
CALL-00001062,account_change,0.81,v1.2.0
CALL-00001063,outage,0.82,v1.2.0
CALL-00001064,general_inquiry,0.83,v1.2.0
CALL-00001065,billing,0.84,v1.2.0
CALL-00001066,technical,0.85,v1.2.0
CALL-00001067,cancel,0.86,v1.2.0
CALL-00001068,upgrade,0.87,v1.2.0
CALL-00001069,account_change,0.88,v1.2.0
CALL-00001070,outage,0.89,v1.2.0
CALL-00001071,general_inquiry,0.9,v1.2.0
CALL-00001072,billing,0.91,v1.2.0
CALL-00001073,technical,0.92,v1.2.0
CALL-00001074,cancel,0.93,v1.2.0
CALL-00001075,upgrade,0.94,v1.2.0
CALL-00001076,account_change,0.95,v1.2.0
CALL-00001077,outage,0.96,v1.2.0
CALL-00001078,general_inquiry,0.97,v1.2.0
CALL-00001079,billing,0.98,v1.2.0
CALL-00001080,technical,0.99,v1.2.0
CALL-00001081,cancel,0.55,v1.2.0
CALL-00001082,upgrade,0.56,v1.2.0
CALL-00001083,account_change,0.57,v1.2.0
CALL-00001084,outage,0.58,v1.2.0
CALL-00001085,general_inquiry,0.59,v1.2.0
CALL-00001086,billing,0.6,v1.2.0
CALL-00001087,technical,0.61,v1.2.0
CALL-00001088,cancel,0.62,v1.2.0
CALL-00001089,upgrade,0.63,v1.2.0
CALL-00001090,account_change,0.64,v1.2.0
CALL-00001091,outage,0.65,v1.2.0
CALL-00001092,general_inquiry,0.66,v1.2.0
CALL-00001093,billing,0.67,v1.2.0
CALL-00001094,technical,0.68,v1.2.0
CALL-00001095,cancel,0.69,v1.2.0
CALL-00001096,upgrade,0.7,v1.2.0
CALL-00001097,account_change,0.71,v1.2.0
CALL-00001098,outage,0.72,v1.2.0
CALL-00001099,general_inquiry,0.73,v1.2.0
CALL-00001100,billing,0.74,v1.2.0
CALL-00001101,technical,0.75,v1.2.0
CALL-00001102,cancel,0.76,v1.2.0
CALL-00001103,upgrade,0.77,v1.2.0
CALL-00001104,account_change,0.78,v1.2.0
CALL-00001105,outage,0.79,v1.2.0
CALL-00001106,general_inquiry,0.8,v1.2.0
CALL-00001107,billing,0.81,v1.2.0
CALL-00001108,technical,0.82,v1.2.0
CALL-00001109,cancel,0.83,v1.2.0
CALL-00001110,upgrade,0.84,v1.2.0
CALL-00001111,account_change,0.85,v1.2.0
CALL-00001112,outage,0.86,v1.2.0
CALL-00001113,general_inquiry,0.87,v1.2.0
CALL-00001114,billing,0.88,v1.2.0
CALL-00001115,technical,0.89,v1.2.0
CALL-00001116,cancel,0.9,v1.2.0
CALL-00001117,upgrade,0.91,v1.2.0
CALL-00001118,account_change,0.92,v1.2.0
CALL-00001119,outage,0.93,v1.2.0
CALL-00001120,general_inquiry,0.94,v1.2.0
CALL-00001121,billing,0.95,v1.2.0
CALL-00001122,technical,0.96,v1.2.0
CALL-00001123,cancel,0.97,v1.2.0
CALL-00001124,upgrade,0.98,v1.2.0
CALL-00001125,account_change,0.99,v1.2.0
CALL-00001126,outage,0.55,v1.2.0
CALL-00001127,general_inquiry,0.56,v1.2.0
CALL-00001128,billing,0.57,v1.2.0
CALL-00001129,technical,0.58,v1.2.0
CALL-00001130,cancel,0.59,v1.2.0
CALL-00001131,upgrade,0.6,v1.2.0
CALL-00001132,account_change,0.61,v1.2.0
CALL-00001133,outage,0.62,v1.2.0
CALL-00001134,general_inquiry,0.63,v1.2.0
CALL-00001135,billing,0.64,v1.2.0
CALL-00001136,technical,0.65,v1.2.0
CALL-00001137,cancel,0.66,v1.2.0
CALL-00001138,upgrade,0.67,v1.2.0
CALL-00001139,account_change,0.68,v1.2.0
CALL-00001140,outage,0.69,v1.2.0
CALL-00001141,general_inquiry,0.7,v1.2.0
CALL-00001142,billing,0.71,v1.2.0
CALL-00001143,technical,0.72,v1.2.0
CALL-00001144,cancel,0.73,v1.2.0
CALL-00001145,upgrade,0.74,v1.2.0
CALL-00001146,account_change,0.75,v1.2.0
CALL-00001147,outage,0.76,v1.2.0
CALL-00001148,general_inquiry,0.77,v1.2.0
CALL-00001149,billing,0.78,v1.2.0
CALL-00001150,technical,0.79,v1.2.0
CALL-00001151,cancel,0.8,v1.2.0
CALL-00001152,upgrade,0.81,v1.2.0
CALL-00001153,account_change,0.82,v1.2.0
CALL-00001154,outage,0.83,v1.2.0
CALL-00001155,general_inquiry,0.84,v1.2.0
CALL-00001156,billing,0.85,v1.2.0
CALL-00001157,technical,0.86,v1.2.0
CALL-00001158,cancel,0.87,v1.2.0
CALL-00001159,upgrade,0.88,v1.2.0
CALL-00001160,account_change,0.89,v1.2.0
CALL-00001161,outage,0.9,v1.2.0
CALL-00001162,general_inquiry,0.91,v1.2.0
CALL-00001163,billing,0.92,v1.2.0
CALL-00001164,technical,0.93,v1.2.0
CALL-00001165,cancel,0.94,v1.2.0
CALL-00001166,upgrade,0.95,v1.2.0
CALL-00001167,account_change,0.96,v1.2.0
CALL-00001168,outage,0.97,v1.2.0
CALL-00001169,general_inquiry,0.98,v1.2.0
CALL-00001170,billing,0.99,v1.2.0
CALL-00001171,technical,0.55,v1.2.0
CALL-00001172,cancel,0.56,v1.2.0
CALL-00001173,upgrade,0.57,v1.2.0
CALL-00001174,account_change,0.58,v1.2.0
CALL-00001175,outage,0.59,v1.2.0
CALL-00001176,general_inquiry,0.6,v1.2.0
CALL-00001177,billing,0.61,v1.2.0
CALL-00001178,technical,0.62,v1.2.0
CALL-00001179,cancel,0.63,v1.2.0
CALL-00001180,upgrade,0.64,v1.2.0
CALL-00001181,account_change,0.65,v1.2.0
CALL-00001182,outage,0.66,v1.2.0
CALL-00001183,general_inquiry,0.67,v1.2.0
CALL-00001184,billing,0.68,v1.2.0
CALL-00001185,technical,0.69,v1.2.0
CALL-00001186,cancel,0.7,v1.2.0
CALL-00001187,upgrade,0.71,v1.2.0
CALL-00001188,account_change,0.72,v1.2.0
CALL-00001189,outage,0.73,v1.2.0
CALL-00001190,general_inquiry,0.74,v1.2.0
CALL-00001191,billing,0.75,v1.2.0
CALL-00001192,technical,0.76,v1.2.0
CALL-00001193,cancel,0.77,v1.2.0
CALL-00001194,upgrade,0.78,v1.2.0
CALL-00001195,account_change,0.79,v1.2.0
CALL-00001196,outage,0.8,v1.2.0
CALL-00001197,general_inquiry,0.81,v1.2.0
CALL-00001198,billing,0.82,v1.2.0
CALL-00001199,technical,0.83,v1.2.0
CALL-00001200,cancel,0.84,v1.2.0
CALL-00001201,upgrade,0.85,v1.2.0
CALL-00001202,account_change,0.86,v1.2.0
CALL-00001203,outage,0.87,v1.2.0
CALL-00001204,general_inquiry,0.88,v1.2.0
CALL-00001205,billing,0.89,v1.2.0
CALL-00001206,technical,0.9,v1.2.0
CALL-00001207,cancel,0.91,v1.2.0
CALL-00001208,upgrade,0.92,v1.2.0
CALL-00001209,account_change,0.93,v1.2.0
CALL-00001210,outage,0.94,v1.2.0
CALL-00001211,general_inquiry,0.95,v1.2.0
CALL-00001212,billing,0.96,v1.2.0
CALL-00001213,technical,0.97,v1.2.0
CALL-00001214,cancel,0.98,v1.2.0
CALL-00001215,upgrade,0.99,v1.2.0
CALL-00001216,account_change,0.55,v1.2.0
CALL-00001217,outage,0.56,v1.2.0
CALL-00001218,general_inquiry,0.57,v1.2.0
CALL-00001219,billing,0.58,v1.2.0
CALL-00001220,technical,0.59,v1.2.0
CALL-00001221,cancel,0.6,v1.2.0
CALL-00001222,upgrade,0.61,v1.2.0
CALL-00001223,account_change,0.62,v1.2.0
CALL-00001224,outage,0.63,v1.2.0
CALL-00001225,general_inquiry,0.64,v1.2.0
CALL-00001226,billing,0.65,v1.2.0
CALL-00001227,technical,0.66,v1.2.0
CALL-00001228,cancel,0.67,v1.2.0
CALL-00001229,upgrade,0.68,v1.2.0
CALL-00001230,account_change,0.69,v1.2.0
CALL-00001231,outage,0.7,v1.2.0
CALL-00001232,general_inquiry,0.71,v1.2.0
CALL-00001233,billing,0.72,v1.2.0
CALL-00001234,technical,0.73,v1.2.0
CALL-00001235,cancel,0.74,v1.2.0
CALL-00001236,upgrade,0.75,v1.2.0
CALL-00001237,account_change,0.76,v1.2.0
CALL-00001238,outage,0.77,v1.2.0
CALL-00001239,general_inquiry,0.78,v1.2.0
CALL-00001240,billing,0.79,v1.2.0
CALL-00001241,technical,0.8,v1.2.0
CALL-00001242,cancel,0.81,v1.2.0
CALL-00001243,upgrade,0.82,v1.2.0
CALL-00001244,account_change,0.83,v1.2.0
CALL-00001245,outage,0.84,v1.2.0
CALL-00001246,general_inquiry,0.85,v1.2.0
CALL-00001247,billing,0.86,v1.2.0
CALL-00001248,technical,0.87,v1.2.0
CALL-00001249,cancel,0.88,v1.2.0
CALL-00001250,upgrade,0.89,v1.2.0
CALL-00001251,account_change,0.9,v1.2.0
CALL-00001252,outage,0.91,v1.2.0
CALL-00001253,general_inquiry,0.92,v1.2.0
CALL-00001254,billing,0.93,v1.2.0
CALL-00001255,technical,0.94,v1.2.0
CALL-00001256,cancel,0.95,v1.2.0
CALL-00001257,upgrade,0.96,v1.2.0
CALL-00001258,account_change,0.97,v1.2.0
CALL-00001259,outage,0.98,v1.2.0
CALL-00001260,general_inquiry,0.99,v1.2.0
CALL-00001261,billing,0.55,v1.2.0
CALL-00001262,technical,0.56,v1.2.0
CALL-00001263,cancel,0.57,v1.2.0
CALL-00001264,upgrade,0.58,v1.2.0
CALL-00001265,account_change,0.59,v1.2.0
CALL-00001266,outage,0.6,v1.2.0
CALL-00001267,general_inquiry,0.61,v1.2.0
CALL-00001268,billing,0.62,v1.2.0
CALL-00001269,technical,0.63,v1.2.0
CALL-00001270,cancel,0.64,v1.2.0
CALL-00001271,upgrade,0.65,v1.2.0
CALL-00001272,account_change,0.66,v1.2.0
CALL-00001273,outage,0.67,v1.2.0
CALL-00001274,general_inquiry,0.68,v1.2.0
CALL-00001275,billing,0.69,v1.2.0
CALL-00001276,technical,0.7,v1.2.0
CALL-00001277,cancel,0.71,v1.2.0
CALL-00001278,upgrade,0.72,v1.2.0
CALL-00001279,account_change,0.73,v1.2.0
CALL-00001280,outage,0.74,v1.2.0
CALL-00001281,general_inquiry,0.75,v1.2.0
CALL-00001282,billing,0.76,v1.2.0
CALL-00001283,technical,0.77,v1.2.0
CALL-00001284,cancel,0.78,v1.2.0
CALL-00001285,upgrade,0.79,v1.2.0
CALL-00001286,account_change,0.8,v1.2.0
CALL-00001287,outage,0.81,v1.2.0
CALL-00001288,general_inquiry,0.82,v1.2.0
CALL-00001289,billing,0.83,v1.2.0
CALL-00001290,technical,0.84,v1.2.0
CALL-00001291,cancel,0.85,v1.2.0
CALL-00001292,upgrade,0.86,v1.2.0
CALL-00001293,account_change,0.87,v1.2.0
CALL-00001294,outage,0.88,v1.2.0
CALL-00001295,general_inquiry,0.89,v1.2.0
CALL-00001296,billing,0.9,v1.2.0
CALL-00001297,technical,0.91,v1.2.0
CALL-00001298,cancel,0.92,v1.2.0
CALL-00001299,upgrade,0.93,v1.2.0
CALL-00001300,account_change,0.94,v1.2.0
CALL-00001301,outage,0.95,v1.2.0
CALL-00001302,general_inquiry,0.96,v1.2.0
CALL-00001303,billing,0.97,v1.2.0
CALL-00001304,technical,0.98,v1.2.0
CALL-00001305,cancel,0.99,v1.2.0
CALL-00001306,upgrade,0.55,v1.2.0
CALL-00001307,account_change,0.56,v1.2.0
CALL-00001308,outage,0.57,v1.2.0
CALL-00001309,general_inquiry,0.58,v1.2.0
CALL-00001310,billing,0.59,v1.2.0
CALL-00001311,technical,0.6,v1.2.0
CALL-00001312,cancel,0.61,v1.2.0
CALL-00001313,upgrade,0.62,v1.2.0
CALL-00001314,account_change,0.63,v1.2.0
CALL-00001315,outage,0.64,v1.2.0
CALL-00001316,general_inquiry,0.65,v1.2.0
CALL-00001317,billing,0.66,v1.2.0
CALL-00001318,technical,0.67,v1.2.0
CALL-00001319,cancel,0.68,v1.2.0
CALL-00001320,upgrade,0.69,v1.2.0
CALL-00001321,account_change,0.7,v1.2.0
CALL-00001322,outage,0.71,v1.2.0
CALL-00001323,general_inquiry,0.72,v1.2.0
CALL-00001324,billing,0.73,v1.2.0
CALL-00001325,technical,0.74,v1.2.0
CALL-00001326,cancel,0.75,v1.2.0
CALL-00001327,upgrade,0.76,v1.2.0
CALL-00001328,account_change,0.77,v1.2.0
CALL-00001329,outage,0.78,v1.2.0
CALL-00001330,general_inquiry,0.79,v1.2.0
CALL-00001331,billing,0.8,v1.2.0
CALL-00001332,technical,0.81,v1.2.0
CALL-00001333,cancel,0.82,v1.2.0
CALL-00001334,upgrade,0.83,v1.2.0
CALL-00001335,account_change,0.84,v1.2.0
CALL-00001336,outage,0.85,v1.2.0
CALL-00001337,general_inquiry,0.86,v1.2.0
CALL-00001338,billing,0.87,v1.2.0
CALL-00001339,technical,0.88,v1.2.0
CALL-00001340,cancel,0.89,v1.2.0
CALL-00001341,upgrade,0.9,v1.2.0
CALL-00001342,account_change,0.91,v1.2.0
CALL-00001343,outage,0.92,v1.2.0
CALL-00001344,general_inquiry,0.93,v1.2.0
CALL-00001345,billing,0.94,v1.2.0
CALL-00001346,technical,0.95,v1.2.0
CALL-00001347,cancel,0.96,v1.2.0
CALL-00001348,upgrade,0.97,v1.2.0
CALL-00001349,account_change,0.98,v1.2.0
CALL-00001350,outage,0.99,v1.2.0
CALL-00001351,general_inquiry,0.55,v1.2.0
CALL-00001352,billing,0.56,v1.2.0
CALL-00001353,technical,0.57,v1.2.0
CALL-00001354,cancel,0.58,v1.2.0
CALL-00001355,upgrade,0.59,v1.2.0
CALL-00001356,account_change,0.6,v1.2.0
CALL-00001357,outage,0.61,v1.2.0
CALL-00001358,general_inquiry,0.62,v1.2.0
CALL-00001359,billing,0.63,v1.2.0
CALL-00001360,technical,0.64,v1.2.0
CALL-00001361,cancel,0.65,v1.2.0
CALL-00001362,upgrade,0.66,v1.2.0
CALL-00001363,account_change,0.67,v1.2.0
CALL-00001364,outage,0.68,v1.2.0
CALL-00001365,general_inquiry,0.69,v1.2.0
CALL-00001366,billing,0.7,v1.2.0
CALL-00001367,technical,0.71,v1.2.0
CALL-00001368,cancel,0.72,v1.2.0
CALL-00001369,upgrade,0.73,v1.2.0
CALL-00001370,account_change,0.74,v1.2.0
CALL-00001371,outage,0.75,v1.2.0
CALL-00001372,general_inquiry,0.76,v1.2.0
CALL-00001373,billing,0.77,v1.2.0
CALL-00001374,technical,0.78,v1.2.0
CALL-00001375,cancel,0.79,v1.2.0
CALL-00001376,upgrade,0.8,v1.2.0
CALL-00001377,account_change,0.81,v1.2.0
CALL-00001378,outage,0.82,v1.2.0
CALL-00001379,general_inquiry,0.83,v1.2.0
CALL-00001380,billing,0.84,v1.2.0
CALL-00001381,technical,0.85,v1.2.0
CALL-00001382,cancel,0.86,v1.2.0
CALL-00001383,upgrade,0.87,v1.2.0
CALL-00001384,account_change,0.88,v1.2.0
CALL-00001385,outage,0.89,v1.2.0
CALL-00001386,general_inquiry,0.9,v1.2.0
CALL-00001387,billing,0.91,v1.2.0
CALL-00001388,technical,0.92,v1.2.0
CALL-00001389,cancel,0.93,v1.2.0
CALL-00001390,upgrade,0.94,v1.2.0
CALL-00001391,account_change,0.95,v1.2.0
CALL-00001392,outage,0.96,v1.2.0
CALL-00001393,general_inquiry,0.97,v1.2.0
CALL-00001394,billing,0.98,v1.2.0
CALL-00001395,technical,0.99,v1.2.0
CALL-00001396,cancel,0.55,v1.2.0
CALL-00001397,upgrade,0.56,v1.2.0
CALL-00001398,account_change,0.57,v1.2.0
CALL-00001399,outage,0.58,v1.2.0
CALL-00001400,general_inquiry,0.59,v1.2.0
CALL-00001401,billing,0.6,v1.2.0
CALL-00001402,technical,0.61,v1.2.0
CALL-00001403,cancel,0.62,v1.2.0
CALL-00001404,upgrade,0.63,v1.2.0
CALL-00001405,account_change,0.64,v1.2.0
CALL-00001406,outage,0.65,v1.2.0
CALL-00001407,general_inquiry,0.66,v1.2.0
CALL-00001408,billing,0.67,v1.2.0
CALL-00001409,technical,0.68,v1.2.0
CALL-00001410,cancel,0.69,v1.2.0
CALL-00001411,upgrade,0.7,v1.2.0
CALL-00001412,account_change,0.71,v1.2.0
CALL-00001413,outage,0.72,v1.2.0
CALL-00001414,general_inquiry,0.73,v1.2.0
CALL-00001415,billing,0.74,v1.2.0
CALL-00001416,technical,0.75,v1.2.0
CALL-00001417,cancel,0.76,v1.2.0
CALL-00001418,upgrade,0.77,v1.2.0
CALL-00001419,account_change,0.78,v1.2.0
CALL-00001420,outage,0.79,v1.2.0
CALL-00001421,general_inquiry,0.8,v1.2.0
CALL-00001422,billing,0.81,v1.2.0
CALL-00001423,technical,0.82,v1.2.0
CALL-00001424,cancel,0.83,v1.2.0
CALL-00001425,upgrade,0.84,v1.2.0
CALL-00001426,account_change,0.85,v1.2.0
CALL-00001427,outage,0.86,v1.2.0
CALL-00001428,general_inquiry,0.87,v1.2.0
CALL-00001429,billing,0.88,v1.2.0
CALL-00001430,technical,0.89,v1.2.0
CALL-00001431,cancel,0.9,v1.2.0
CALL-00001432,upgrade,0.91,v1.2.0
CALL-00001433,account_change,0.92,v1.2.0
CALL-00001434,outage,0.93,v1.2.0
CALL-00001435,general_inquiry,0.94,v1.2.0
CALL-00001436,billing,0.95,v1.2.0
CALL-00001437,technical,0.96,v1.2.0
CALL-00001438,cancel,0.97,v1.2.0
CALL-00001439,upgrade,0.98,v1.2.0
CALL-00001440,account_change,0.99,v1.2.0
CALL-00001441,outage,0.55,v1.2.0
CALL-00001442,general_inquiry,0.56,v1.2.0
CALL-00001443,billing,0.57,v1.2.0
CALL-00001444,technical,0.58,v1.2.0
CALL-00001445,cancel,0.59,v1.2.0
CALL-00001446,upgrade,0.6,v1.2.0
CALL-00001447,account_change,0.61,v1.2.0
CALL-00001448,outage,0.62,v1.2.0
CALL-00001449,general_inquiry,0.63,v1.2.0
CALL-00001450,billing,0.64,v1.2.0
CALL-00001451,technical,0.65,v1.2.0
CALL-00001452,cancel,0.66,v1.2.0
CALL-00001453,upgrade,0.67,v1.2.0
CALL-00001454,account_change,0.68,v1.2.0
CALL-00001455,outage,0.69,v1.2.0
CALL-00001456,general_inquiry,0.7,v1.2.0
CALL-00001457,billing,0.71,v1.2.0
CALL-00001458,technical,0.72,v1.2.0
CALL-00001459,cancel,0.73,v1.2.0
CALL-00001460,upgrade,0.74,v1.2.0
CALL-00001461,account_change,0.75,v1.2.0
CALL-00001462,outage,0.76,v1.2.0
CALL-00001463,general_inquiry,0.77,v1.2.0
CALL-00001464,billing,0.78,v1.2.0
CALL-00001465,technical,0.79,v1.2.0
CALL-00001466,cancel,0.8,v1.2.0
CALL-00001467,upgrade,0.81,v1.2.0
CALL-00001468,account_change,0.82,v1.2.0
CALL-00001469,outage,0.83,v1.2.0
CALL-00001470,general_inquiry,0.84,v1.2.0
CALL-00001471,billing,0.85,v1.2.0
CALL-00001472,technical,0.86,v1.2.0
CALL-00001473,cancel,0.87,v1.2.0
CALL-00001474,upgrade,0.88,v1.2.0
CALL-00001475,account_change,0.89,v1.2.0
CALL-00001476,outage,0.9,v1.2.0
CALL-00001477,general_inquiry,0.91,v1.2.0
CALL-00001478,billing,0.92,v1.2.0
CALL-00001479,technical,0.93,v1.2.0
CALL-00001480,cancel,0.94,v1.2.0
CALL-00001481,upgrade,0.95,v1.2.0
CALL-00001482,account_change,0.96,v1.2.0
CALL-00001483,outage,0.97,v1.2.0
CALL-00001484,general_inquiry,0.98,v1.2.0
CALL-00001485,billing,0.99,v1.2.0
CALL-00001486,technical,0.55,v1.2.0
CALL-00001487,cancel,0.56,v1.2.0
CALL-00001488,upgrade,0.57,v1.2.0
CALL-00001489,account_change,0.58,v1.2.0
CALL-00001490,outage,0.59,v1.2.0
CALL-00001491,general_inquiry,0.6,v1.2.0
CALL-00001492,billing,0.61,v1.2.0
CALL-00001493,technical,0.62,v1.2.0
CALL-00001494,cancel,0.63,v1.2.0
CALL-00001495,upgrade,0.64,v1.2.0
CALL-00001496,account_change,0.65,v1.2.0
CALL-00001497,outage,0.66,v1.2.0
CALL-00001498,general_inquiry,0.67,v1.2.0
CALL-00001499,billing,0.68,v1.2.0
CALL-00001500,technical,0.69,v1.2.0
