offer_event_id,call_id,offer_id,campaign,response,revenue_usd
OFF-000001,CALL-00000001,OFR-001,RETENTION_2026,Accepted,15.0
OFF-000002,CALL-00000002,OFR-002,UPSELL_FIBER,Declined,0.0
OFF-000003,CALL-00000003,OFR-003,ADD_LINE_Q3,No Response,0.0
OFF-000004,CALL-00000004,OFR-004,LOYALTY_RENEW,Accepted,52.5
OFF-000005,CALL-00000005,OFR-005,PREMIUM_UPGRADE,Declined,0.0
OFF-000006,CALL-00000006,OFR-001,RETENTION_2026,No Response,0.0
OFF-000007,CALL-00000007,OFR-002,UPSELL_FIBER,Accepted,90.0
OFF-000008,CALL-00000008,OFR-003,ADD_LINE_Q3,Declined,0.0
OFF-000009,CALL-00000009,OFR-004,LOYALTY_RENEW,No Response,0.0
OFF-000010,CALL-00000010,OFR-005,PREMIUM_UPGRADE,Accepted,27.5
OFF-000011,CALL-00000011,OFR-001,RETENTION_2026,Declined,0.0
OFF-000012,CALL-00000012,OFR-002,UPSELL_FIBER,No Response,0.0
OFF-000013,CALL-00000013,OFR-003,ADD_LINE_Q3,Accepted,65.0
OFF-000014,CALL-00000014,OFR-004,LOYALTY_RENEW,Declined,0.0
OFF-000015,CALL-00000015,OFR-005,PREMIUM_UPGRADE,No Response,0.0
OFF-000016,CALL-00000016,OFR-001,RETENTION_2026,Accepted,102.5
OFF-000017,CALL-00000017,OFR-002,UPSELL_FIBER,Declined,0.0
OFF-000018,CALL-00000018,OFR-003,ADD_LINE_Q3,No Response,0.0
OFF-000019,CALL-00000019,OFR-004,LOYALTY_RENEW,Accepted,40.0
OFF-000020,CALL-00000020,OFR-005,PREMIUM_UPGRADE,Declined,0.0
OFF-000021,CALL-00000021,OFR-001,RETENTION_2026,No Response,0.0
OFF-000022,CALL-00000022,OFR-002,UPSELL_FIBER,Accepted,77.5
OFF-000023,CALL-00000023,OFR-003,ADD_LINE_Q3,Declined,0.0
OFF-000024,CALL-00000024,OFR-004,LOYALTY_RENEW,No Response,0.0
OFF-000025,CALL-00000025,OFR-005,PREMIUM_UPGRADE,Accepted,15.0
OFF-000026,CALL-00000026,OFR-001,RETENTION_2026,Declined,0.0
OFF-000027,CALL-00000027,OFR-002,UPSELL_FIBER,No Response,0.0
OFF-000028,CALL-00000028,OFR-003,ADD_LINE_Q3,Accepted,52.5
OFF-000029,CALL-00000029,OFR-004,LOYALTY_RENEW,Declined,0.0
OFF-000030,CALL-00000030,OFR-005,PREMIUM_UPGRADE,No Response,0.0
OFF-000031,CALL-00000031,OFR-001,RETENTION_2026,Accepted,90.0
OFF-000032,CALL-00000032,OFR-002,UPSELL_FIBER,Declined,0.0
OFF-000033,CALL-00000033,OFR-003,ADD_LINE_Q3,No Response,0.0
OFF-000034,CALL-00000034,OFR-004,LOYALTY_RENEW,Accepted,27.5
OFF-000035,CALL-00000035,OFR-005,PREMIUM_UPGRADE,Declined,0.0
OFF-000036,CALL-00000036,OFR-001,RETENTION_2026,No Response,0.0
OFF-000037,CALL-00000037,OFR-002,UPSELL_FIBER,Accepted,65.0
OFF-000038,CALL-00000038,OFR-003,ADD_LINE_Q3,Declined,0.0
OFF-000039,CALL-00000039,OFR-004,LOYALTY_RENEW,No Response,0.0
OFF-000040,CALL-00000040,OFR-005,PREMIUM_UPGRADE,Accepted,102.5
OFF-000041,CALL-00000041,OFR-001,RETENTION_2026,Declined,0.0
OFF-000042,CALL-00000042,OFR-002,UPSELL_FIBER,No Response,0.0
OFF-000043,CALL-00000043,OFR-003,ADD_LINE_Q3,Accepted,40.0
OFF-000044,CALL-00000044,OFR-004,LOYALTY_RENEW,Declined,0.0
OFF-000045,CALL-00000045,OFR-005,PREMIUM_UPGRADE,No Response,0.0
OFF-000046,CALL-00000046,OFR-001,RETENTION_2026,Accepted,77.5
OFF-000047,CALL-00000047,OFR-002,UPSELL_FIBER,Declined,0.0
OFF-000048,CALL-00000048,OFR-003,ADD_LINE_Q3,No Response,0.0
OFF-000049,CALL-00000049,OFR-004,LOYALTY_RENEW,Accepted,15.0
OFF-000050,CALL-00000050,OFR-005,PREMIUM_UPGRADE,Declined,0.0
OFF-000051,CALL-00000051,OFR-001,RETENTION_2026,No Response,0.0
OFF-000052,CALL-00000052,OFR-002,UPSELL_FIBER,Accepted,52.5
OFF-000053,CALL-00000053,OFR-003,ADD_LINE_Q3,Declined,0.0
OFF-000054,CALL-00000054,OFR-004,LOYALTY_RENEW,No Response,0.0
OFF-000055,CALL-00000055,OFR-005,PREMIUM_UPGRADE,Accepted,90.0
OFF-000056,CALL-00000056,OFR-001,RETENTION_2026,Declined,0.0
OFF-000057,CALL-00000057,OFR-002,UPSELL_FIBER,No Response,0.0
OFF-000058,CALL-00000058,OFR-003,ADD_LINE_Q3,Accepted,27.5
OFF-000059,CALL-00000059,OFR-004,LOYALTY_RENEW,Declined,0.0
OFF-000060,CALL-00000060,OFR-005,PREMIUM_UPGRADE,No Response,0.0
OFF-000061,CALL-00000061,OFR-001,RETENTION_2026,Accepted,65.0
OFF-000062,CALL-00000062,OFR-002,UPSELL_FIBER,Declined,0.0
OFF-000063,CALL-00000063,OFR-003,ADD_LINE_Q3,No Response,0.0
OFF-000064,CALL-00000064,OFR-004,LOYALTY_RENEW,Accepted,102.5
OFF-000065,CALL-00000065,OFR-005,PREMIUM_UPGRADE,Declined,0.0
OFF-000066,CALL-00000066,OFR-001,RETENTION_2026,No Response,0.0
OFF-000067,CALL-00000067,OFR-002,UPSELL_FIBER,Accepted,40.0
OFF-000068,CALL-00000068,OFR-003,ADD_LINE_Q3,Declined,0.0
OFF-000069,CALL-00000069,OFR-004,LOYALTY_RENEW,No Response,0.0
OFF-000070,CALL-00000070,OFR-005,PREMIUM_UPGRADE,Accepted,77.5
OFF-000071,CALL-00000071,OFR-001,RETENTION_2026,Declined,0.0
OFF-000072,CALL-00000072,OFR-002,UPSELL_FIBER,No Response,0.0
OFF-000073,CALL-00000073,OFR-003,ADD_LINE_Q3,Accepted,15.0
OFF-000074,CALL-00000074,OFR-004,LOYALTY_RENEW,Declined,0.0
OFF-000075,CALL-00000075,OFR-005,PREMIUM_UPGRADE,No Response,0.0
OFF-000076,CALL-00000076,OFR-001,RETENTION_2026,Accepted,52.5
OFF-000077,CALL-00000077,OFR-002,UPSELL_FIBER,Declined,0.0
OFF-000078,CALL-00000078,OFR-003,ADD_LINE_Q3,No Response,0.0
OFF-000079,CALL-00000079,OFR-004,LOYALTY_RENEW,Accepted,90.0
OFF-000080,CALL-00000080,OFR-005,PREMIUM_UPGRADE,Declined,0.0
OFF-000081,CALL-00000081,OFR-001,RETENTION_2026,No Response,0.0
OFF-000082,CALL-00000082,OFR-002,UPSELL_FIBER,Accepted,27.5
OFF-000083,CALL-00000083,OFR-003,ADD_LINE_Q3,Declined,0.0
OFF-000084,CALL-00000084,OFR-004,LOYALTY_RENEW,No Response,0.0
OFF-000085,CALL-00000085,OFR-005,PREMIUM_UPGRADE,Accepted,65.0
OFF-000086,CALL-00000086,OFR-001,RETENTION_2026,Declined,0.0
OFF-000087,CALL-00000087,OFR-002,UPSELL_FIBER,No Response,0.0
OFF-000088,CALL-00000088,OFR-003,ADD_LINE_Q3,Accepted,102.5
OFF-000089,CALL-00000089,OFR-004,LOYALTY_RENEW,Declined,0.0
OFF-000090,CALL-00000090,OFR-005,PREMIUM_UPGRADE,No Response,0.0
OFF-000091,CALL-00000091,OFR-001,RETENTION_2026,Accepted,40.0
OFF-000092,CALL-00000092,OFR-002,UPSELL_FIBER,Declined,0.0
OFF-000093,CALL-00000093,OFR-003,ADD_LINE_Q3,No Response,0.0
OFF-000094,CALL-00000094,OFR-004,LOYALTY_RENEW,Accepted,77.5
OFF-000095,CALL-00000095,OFR-005,PREMIUM_UPGRADE,Declined,0.0
OFF-000096,CALL-00000096,OFR-001,RETENTION_2026,No Response,0.0
OFF-000097,CALL-00000097,OFR-002,UPSELL_FIBER,Accepted,15.0
OFF-000098,CALL-00000098,OFR-003,ADD_LINE_Q3,Declined,0.0
OFF-000099,CALL-00000099,OFR-004,LOYALTY_RENEW,No Response,0.0
OFF-000100,CALL-00000100,OFR-005,PREMIUM_UPGRADE,Accepted,52.5
OFF-000101,CALL-00000101,OFR-001,RETENTION_2026,Declined,0.0
OFF-000102,CALL-00000102,OFR-002,UPSELL_FIBER,No Response,0.0
OFF-000103,CALL-00000103,OFR-003,ADD_LINE_Q3,Accepted,90.0
OFF-000104,CALL-00000104,OFR-004,LOYALTY_RENEW,Declined,0.0
OFF-000105,CALL-00000105,OFR-005,PREMIUM_UPGRADE,No Response,0.0
OFF-000106,CALL-00000106,OFR-001,RETENTION_2026,Accepted,27.5
OFF-000107,CALL-00000107,OFR-002,UPSELL_FIBER,Declined,0.0
OFF-000108,CALL-00000108,OFR-003,ADD_LINE_Q3,No Response,0.0
OFF-000109,CALL-00000109,OFR-004,LOYALTY_RENEW,Accepted,65.0
OFF-000110,CALL-00000110,OFR-005,PREMIUM_UPGRADE,Declined,0.0
OFF-000111,CALL-00000111,OFR-001,RETENTION_2026,No Response,0.0
OFF-000112,CALL-00000112,OFR-002,UPSELL_FIBER,Accepted,102.5
OFF-000113,CALL-00000113,OFR-003,ADD_LINE_Q3,Declined,0.0
OFF-000114,CALL-00000114,OFR-004,LOYALTY_RENEW,No Response,0.0
OFF-000115,CALL-00000115,OFR-005,PREMIUM_UPGRADE,Accepted,40.0
OFF-000116,CALL-00000116,OFR-001,RETENTION_2026,Declined,0.0
OFF-000117,CALL-00000117,OFR-002,UPSELL_FIBER,No Response,0.0
OFF-000118,CALL-00000118,OFR-003,ADD_LINE_Q3,Accepted,77.5
OFF-000119,CALL-00000119,OFR-004,LOYALTY_RENEW,Declined,0.0
OFF-000120,CALL-00000120,OFR-005,PREMIUM_UPGRADE,No Response,0.0
OFF-000121,CALL-00000121,OFR-001,RETENTION_2026,Accepted,15.0
OFF-000122,CALL-00000122,OFR-002,UPSELL_FIBER,Declined,0.0
OFF-000123,CALL-00000123,OFR-003,ADD_LINE_Q3,No Response,0.0
OFF-000124,CALL-00000124,OFR-004,LOYALTY_RENEW,Accepted,52.5
OFF-000125,CALL-00000125,OFR-005,PREMIUM_UPGRADE,Declined,0.0
OFF-000126,CALL-00000126,OFR-001,RETENTION_2026,No Response,0.0
OFF-000127,CALL-00000127,OFR-002,UPSELL_FIBER,Accepted,90.0
OFF-000128,CALL-00000128,OFR-003,ADD_LINE_Q3,Declined,0.0
OFF-000129,CALL-00000129,OFR-004,LOYALTY_RENEW,No Response,0.0
OFF-000130,CALL-00000130,OFR-005,PREMIUM_UPGRADE,Accepted,27.5
OFF-000131,CALL-00000131,OFR-001,RETENTION_2026,Declined,0.0
OFF-000132,CALL-00000132,OFR-002,UPSELL_FIBER,No Response,0.0
OFF-000133,CALL-00000133,OFR-003,ADD_LINE_Q3,Accepted,65.0
OFF-000134,CALL-00000134,OFR-004,LOYALTY_RENEW,Declined,0.0
OFF-000135,CALL-00000135,OFR-005,PREMIUM_UPGRADE,No Response,0.0
OFF-000136,CALL-00000136,OFR-001,RETENTION_2026,Accepted,102.5
OFF-000137,CALL-00000137,OFR-002,UPSELL_FIBER,Declined,0.0
OFF-000138,CALL-00000138,OFR-003,ADD_LINE_Q3,No Response,0.0
OFF-000139,CALL-00000139,OFR-004,LOYALTY_RENEW,Accepted,40.0
OFF-000140,CALL-00000140,OFR-005,PREMIUM_UPGRADE,Declined,0.0
OFF-000141,CALL-00000141,OFR-001,RETENTION_2026,No Response,0.0
OFF-000142,CALL-00000142,OFR-002,UPSELL_FIBER,Accepted,77.5
OFF-000143,CALL-00000143,OFR-003,ADD_LINE_Q3,Declined,0.0
OFF-000144,CALL-00000144,OFR-004,LOYALTY_RENEW,No Response,0.0
OFF-000145,CALL-00000145,OFR-005,PREMIUM_UPGRADE,Accepted,15.0
OFF-000146,CALL-00000146,OFR-001,RETENTION_2026,Declined,0.0
OFF-000147,CALL-00000147,OFR-002,UPSELL_FIBER,No Response,0.0
OFF-000148,CALL-00000148,OFR-003,ADD_LINE_Q3,Accepted,52.5
OFF-000149,CALL-00000149,OFR-004,LOYALTY_RENEW,Declined,0.0
OFF-000150,CALL-00000150,OFR-005,PREMIUM_UPGRADE,No Response,0.0
OFF-000151,CALL-00000151,OFR-001,RETENTION_2026,Accepted,90.0
OFF-000152,CALL-00000152,OFR-002,UPSELL_FIBER,Declined,0.0
OFF-000153,CALL-00000153,OFR-003,ADD_LINE_Q3,No Response,0.0
OFF-000154,CALL-00000154,OFR-004,LOYALTY_RENEW,Accepted,27.5
OFF-000155,CALL-00000155,OFR-005,PREMIUM_UPGRADE,Declined,0.0
OFF-000156,CALL-00000156,OFR-001,RETENTION_2026,No Response,0.0
OFF-000157,CALL-00000157,OFR-002,UPSELL_FIBER,Accepted,65.0
OFF-000158,CALL-00000158,OFR-003,ADD_LINE_Q3,Declined,0.0
OFF-000159,CALL-00000159,OFR-004,LOYALTY_RENEW,No Response,0.0
OFF-000160,CALL-00000160,OFR-005,PREMIUM_UPGRADE,Accepted,102.5
OFF-000161,CALL-00000161,OFR-001,RETENTION_2026,Declined,0.0
OFF-000162,CALL-00000162,OFR-002,UPSELL_FIBER,No Response,0.0
OFF-000163,CALL-00000163,OFR-003,ADD_LINE_Q3,Accepted,40.0
OFF-000164,CALL-00000164,OFR-004,LOYALTY_RENEW,Declined,0.0
OFF-000165,CALL-00000165,OFR-005,PREMIUM_UPGRADE,No Response,0.0
OFF-000166,CALL-00000166,OFR-001,RETENTION_2026,Accepted,77.5
OFF-000167,CALL-00000167,OFR-002,UPSELL_FIBER,Declined,0.0
OFF-000168,CALL-00000168,OFR-003,ADD_LINE_Q3,No Response,0.0
OFF-000169,CALL-00000169,OFR-004,LOYALTY_RENEW,Accepted,15.0
OFF-000170,CALL-00000170,OFR-005,PREMIUM_UPGRADE,Declined,0.0
OFF-000171,CALL-00000171,OFR-001,RETENTION_2026,No Response,0.0
OFF-000172,CALL-00000172,OFR-002,UPSELL_FIBER,Accepted,52.5
OFF-000173,CALL-00000173,OFR-003,ADD_LINE_Q3,Declined,0.0
OFF-000174,CALL-00000174,OFR-004,LOYALTY_RENEW,No Response,0.0
OFF-000175,CALL-00000175,OFR-005,PREMIUM_UPGRADE,Accepted,90.0
OFF-000176,CALL-00000176,OFR-001,RETENTION_2026,Declined,0.0
OFF-000177,CALL-00000177,OFR-002,UPSELL_FIBER,No Response,0.0
OFF-000178,CALL-00000178,OFR-003,ADD_LINE_Q3,Accepted,27.5
OFF-000179,CALL-00000179,OFR-004,LOYALTY_RENEW,Declined,0.0
OFF-000180,CALL-00000180,OFR-005,PREMIUM_UPGRADE,No Response,0.0
OFF-000181,CALL-00000181,OFR-001,RETENTION_2026,Accepted,65.0
OFF-000182,CALL-00000182,OFR-002,UPSELL_FIBER,Declined,0.0
OFF-000183,CALL-00000183,OFR-003,ADD_LINE_Q3,No Response,0.0
OFF-000184,CALL-00000184,OFR-004,LOYALTY_RENEW,Accepted,102.5
OFF-000185,CALL-00000185,OFR-005,PREMIUM_UPGRADE,Declined,0.0
OFF-000186,CALL-00000186,OFR-001,RETENTION_2026,No Response,0.0
OFF-000187,CALL-00000187,OFR-002,UPSELL_FIBER,Accepted,40.0
OFF-000188,CALL-00000188,OFR-003,ADD_LINE_Q3,Declined,0.0
OFF-000189,CALL-00000189,OFR-004,LOYALTY_RENEW,No Response,0.0
OFF-000190,CALL-00000190,OFR-005,PREMIUM_UPGRADE,Accepted,77.5
OFF-000191,CALL-00000191,OFR-001,RETENTION_2026,Declined,0.0
OFF-000192,CALL-00000192,OFR-002,UPSELL_FIBER,No Response,0.0
OFF-000193,CALL-00000193,OFR-003,ADD_LINE_Q3,Accepted,15.0
OFF-000194,CALL-00000194,OFR-004,LOYALTY_RENEW,Declined,0.0
OFF-000195,CALL-00000195,OFR-005,PREMIUM_UPGRADE,No Response,0.0
OFF-000196,CALL-00000196,OFR-001,RETENTION_2026,Accepted,52.5
OFF-000197,CALL-00000197,OFR-002,UPSELL_FIBER,Declined,0.0
OFF-000198,CALL-00000198,OFR-003,ADD_LINE_Q3,No Response,0.0
OFF-000199,CALL-00000199,OFR-004,LOYALTY_RENEW,Accepted,90.0
OFF-000200,CALL-00000200,OFR-005,PREMIUM_UPGRADE,Declined,0.0
OFF-000201,CALL-00000201,OFR-001,RETENTION_2026,No Response,0.0
OFF-000202,CALL-00000202,OFR-002,UPSELL_FIBER,Accepted,27.5
OFF-000203,CALL-00000203,OFR-003,ADD_LINE_Q3,Declined,0.0
OFF-000204,CALL-00000204,OFR-004,LOYALTY_RENEW,No Response,0.0
OFF-000205,CALL-00000205,OFR-005,PREMIUM_UPGRADE,Accepted,65.0
OFF-000206,CALL-00000206,OFR-001,RETENTION_2026,Declined,0.0
OFF-000207,CALL-00000207,OFR-002,UPSELL_FIBER,No Response,0.0
OFF-000208,CALL-00000208,OFR-003,ADD_LINE_Q3,Accepted,102.5
OFF-000209,CALL-00000209,OFR-004,LOYALTY_RENEW,Declined,0.0
OFF-000210,CALL-00000210,OFR-005,PREMIUM_UPGRADE,No Response,0.0
OFF-000211,CALL-00000211,OFR-001,RETENTION_2026,Accepted,40.0
OFF-000212,CALL-00000212,OFR-002,UPSELL_FIBER,Declined,0.0
OFF-000213,CALL-00000213,OFR-003,ADD_LINE_Q3,No Response,0.0
OFF-000214,CALL-00000214,OFR-004,LOYALTY_RENEW,Accepted,77.5
OFF-000215,CALL-00000215,OFR-005,PREMIUM_UPGRADE,Declined,0.0
OFF-000216,CALL-00000216,OFR-001,RETENTION_2026,No Response,0.0
OFF-000217,CALL-00000217,OFR-002,UPSELL_FIBER,Accepted,15.0
OFF-000218,CALL-00000218,OFR-003,ADD_LINE_Q3,Declined,0.0
OFF-000219,CALL-00000219,OFR-004,LOYALTY_RENEW,No Response,0.0
OFF-000220,CALL-00000220,OFR-005,PREMIUM_UPGRADE,Accepted,52.5
OFF-000221,CALL-00000221,OFR-001,RETENTION_2026,Declined,0.0
OFF-000222,CALL-00000222,OFR-002,UPSELL_FIBER,No Response,0.0
OFF-000223,CALL-00000223,OFR-003,ADD_LINE_Q3,Accepted,90.0
OFF-000224,CALL-00000224,OFR-004,LOYALTY_RENEW,Declined,0.0
OFF-000225,CALL-00000225,OFR-005,PREMIUM_UPGRADE,No Response,0.0
OFF-000226,CALL-00000226,OFR-001,RETENTION_2026,Accepted,27.5
OFF-000227,CALL-00000227,OFR-002,UPSELL_FIBER,Declined,0.0
OFF-000228,CALL-00000228,OFR-003,ADD_LINE_Q3,No Response,0.0
OFF-000229,CALL-00000229,OFR-004,LOYALTY_RENEW,Accepted,65.0
OFF-000230,CALL-00000230,OFR-005,PREMIUM_UPGRADE,Declined,0.0
OFF-000231,CALL-00000231,OFR-001,RETENTION_2026,No Response,0.0
OFF-000232,CALL-00000232,OFR-002,UPSELL_FIBER,Accepted,102.5
OFF-000233,CALL-00000233,OFR-003,ADD_LINE_Q3,Declined,0.0
OFF-000234,CALL-00000234,OFR-004,LOYALTY_RENEW,No Response,0.0
OFF-000235,CALL-00000235,OFR-005,PREMIUM_UPGRADE,Accepted,40.0
OFF-000236,CALL-00000236,OFR-001,RETENTION_2026,Declined,0.0
OFF-000237,CALL-00000237,OFR-002,UPSELL_FIBER,No Response,0.0
OFF-000238,CALL-00000238,OFR-003,ADD_LINE_Q3,Accepted,77.5
OFF-000239,CALL-00000239,OFR-004,LOYALTY_RENEW,Declined,0.0
OFF-000240,CALL-00000240,OFR-005,PREMIUM_UPGRADE,No Response,0.0
OFF-000241,CALL-00000241,OFR-001,RETENTION_2026,Accepted,15.0
OFF-000242,CALL-00000242,OFR-002,UPSELL_FIBER,Declined,0.0
OFF-000243,CALL-00000243,OFR-003,ADD_LINE_Q3,No Response,0.0
OFF-000244,CALL-00000244,OFR-004,LOYALTY_RENEW,Accepted,52.5
OFF-000245,CALL-00000245,OFR-005,PREMIUM_UPGRADE,Declined,0.0
OFF-000246,CALL-00000246,OFR-001,RETENTION_2026,No Response,0.0
OFF-000247,CALL-00000247,OFR-002,UPSELL_FIBER,Accepted,90.0
OFF-000248,CALL-00000248,OFR-003,ADD_LINE_Q3,Declined,0.0
OFF-000249,CALL-00000249,OFR-004,LOYALTY_RENEW,No Response,0.0
OFF-000250,CALL-00000250,OFR-005,PREMIUM_UPGRADE,Accepted,27.5
OFF-000251,CALL-00000251,OFR-001,RETENTION_2026,Declined,0.0
OFF-000252,CALL-00000252,OFR-002,UPSELL_FIBER,No Response,0.0
OFF-000253,CALL-00000253,OFR-003,ADD_LINE_Q3,Accepted,65.0
OFF-000254,CALL-00000254,OFR-004,LOYALTY_RENEW,Declined,0.0
OFF-000255,CALL-00000255,OFR-005,PREMIUM_UPGRADE,No Response,0.0
OFF-000256,CALL-00000256,OFR-001,RETENTION_2026,Accepted,102.5
OFF-000257,CALL-00000257,OFR-002,UPSELL_FIBER,Declined,0.0
OFF-000258,CALL-00000258,OFR-003,ADD_LINE_Q3,No Response,0.0
OFF-000259,CALL-00000259,OFR-004,LOYALTY_RENEW,Accepted,40.0
OFF-000260,CALL-00000260,OFR-005,PREMIUM_UPGRADE,Declined,0.0
OFF-000261,CALL-00000261,OFR-001,RETENTION_2026,No Response,0.0
OFF-000262,CALL-00000262,OFR-002,UPSELL_FIBER,Accepted,77.5
OFF-000263,CALL-00000263,OFR-003,ADD_LINE_Q3,Declined,0.0
OFF-000264,CALL-00000264,OFR-004,LOYALTY_RENEW,No Response,0.0
OFF-000265,CALL-00000265,OFR-005,PREMIUM_UPGRADE,Accepted,15.0
OFF-000266,CALL-00000266,OFR-001,RETENTION_2026,Declined,0.0
OFF-000267,CALL-00000267,OFR-002,UPSELL_FIBER,No Response,0.0
OFF-000268,CALL-00000268,OFR-003,ADD_LINE_Q3,Accepted,52.5
OFF-000269,CALL-00000269,OFR-004,LOYALTY_RENEW,Declined,0.0
OFF-000270,CALL-00000270,OFR-005,PREMIUM_UPGRADE,No Response,0.0
OFF-000271,CALL-00000271,OFR-001,RETENTION_2026,Accepted,90.0
OFF-000272,CALL-00000272,OFR-002,UPSELL_FIBER,Declined,0.0
OFF-000273,CALL-00000273,OFR-003,ADD_LINE_Q3,No Response,0.0
OFF-000274,CALL-00000274,OFR-004,LOYALTY_RENEW,Accepted,27.5
OFF-000275,CALL-00000275,OFR-005,PREMIUM_UPGRADE,Declined,0.0
OFF-000276,CALL-00000276,OFR-001,RETENTION_2026,No Response,0.0
OFF-000277,CALL-00000277,OFR-002,UPSELL_FIBER,Accepted,65.0
OFF-000278,CALL-00000278,OFR-003,ADD_LINE_Q3,Declined,0.0
OFF-000279,CALL-00000279,OFR-004,LOYALTY_RENEW,No Response,0.0
OFF-000280,CALL-00000280,OFR-005,PREMIUM_UPGRADE,Accepted,102.5
OFF-000281,CALL-00000281,OFR-001,RETENTION_2026,Declined,0.0
OFF-000282,CALL-00000282,OFR-002,UPSELL_FIBER,No Response,0.0
OFF-000283,CALL-00000283,OFR-003,ADD_LINE_Q3,Accepted,40.0
OFF-000284,CALL-00000284,OFR-004,LOYALTY_RENEW,Declined,0.0
OFF-000285,CALL-00000285,OFR-005,PREMIUM_UPGRADE,No Response,0.0
OFF-000286,CALL-00000286,OFR-001,RETENTION_2026,Accepted,77.5
OFF-000287,CALL-00000287,OFR-002,UPSELL_FIBER,Declined,0.0
OFF-000288,CALL-00000288,OFR-003,ADD_LINE_Q3,No Response,0.0
OFF-000289,CALL-00000289,OFR-004,LOYALTY_RENEW,Accepted,15.0
OFF-000290,CALL-00000290,OFR-005,PREMIUM_UPGRADE,Declined,0.0
OFF-000291,CALL-00000291,OFR-001,RETENTION_2026,No Response,0.0
OFF-000292,CALL-00000292,OFR-002,UPSELL_FIBER,Accepted,52.5
OFF-000293,CALL-00000293,OFR-003,ADD_LINE_Q3,Declined,0.0
OFF-000294,CALL-00000294,OFR-004,LOYALTY_RENEW,No Response,0.0
OFF-000295,CALL-00000295,OFR-005,PREMIUM_UPGRADE,Accepted,90.0
OFF-000296,CALL-00000296,OFR-001,RETENTION_2026,Declined,0.0
OFF-000297,CALL-00000297,OFR-002,UPSELL_FIBER,No Response,0.0
OFF-000298,CALL-00000298,OFR-003,ADD_LINE_Q3,Accepted,27.5
OFF-000299,CALL-00000299,OFR-004,LOYALTY_RENEW,Declined,0.0
OFF-000300,CALL-00000300,OFR-005,PREMIUM_UPGRADE,No Response,0.0
OFF-000301,CALL-00000301,OFR-001,RETENTION_2026,Accepted,65.0
OFF-000302,CALL-00000302,OFR-002,UPSELL_FIBER,Declined,0.0
OFF-000303,CALL-00000303,OFR-003,ADD_LINE_Q3,No Response,0.0
OFF-000304,CALL-00000304,OFR-004,LOYALTY_RENEW,Accepted,102.5
OFF-000305,CALL-00000305,OFR-005,PREMIUM_UPGRADE,Declined,0.0
OFF-000306,CALL-00000306,OFR-001,RETENTION_2026,No Response,0.0
OFF-000307,CALL-00000307,OFR-002,UPSELL_FIBER,Accepted,40.0
OFF-000308,CALL-00000308,OFR-003,ADD_LINE_Q3,Declined,0.0
OFF-000309,CALL-00000309,OFR-004,LOYALTY_RENEW,No Response,0.0
OFF-000310,CALL-00000310,OFR-005,PREMIUM_UPGRADE,Accepted,77.5
OFF-000311,CALL-00000311,OFR-001,RETENTION_2026,Declined,0.0
OFF-000312,CALL-00000312,OFR-002,UPSELL_FIBER,No Response,0.0
OFF-000313,CALL-00000313,OFR-003,ADD_LINE_Q3,Accepted,15.0
OFF-000314,CALL-00000314,OFR-004,LOYALTY_RENEW,Declined,0.0
OFF-000315,CALL-00000315,OFR-005,PREMIUM_UPGRADE,No Response,0.0
OFF-000316,CALL-00000316,OFR-001,RETENTION_2026,Accepted,52.5
OFF-000317,CALL-00000317,OFR-002,UPSELL_FIBER,Declined,0.0
OFF-000318,CALL-00000318,OFR-003,ADD_LINE_Q3,No Response,0.0
OFF-000319,CALL-00000319,OFR-004,LOYALTY_RENEW,Accepted,90.0
OFF-000320,CALL-00000320,OFR-005,PREMIUM_UPGRADE,Declined,0.0
OFF-000321,CALL-00000321,OFR-001,RETENTION_2026,No Response,0.0
OFF-000322,CALL-00000322,OFR-002,UPSELL_FIBER,Accepted,27.5
OFF-000323,CALL-00000323,OFR-003,ADD_LINE_Q3,Declined,0.0
OFF-000324,CALL-00000324,OFR-004,LOYALTY_RENEW,No Response,0.0
OFF-000325,CALL-00000325,OFR-005,PREMIUM_UPGRADE,Accepted,65.0
OFF-000326,CALL-00000326,OFR-001,RETENTION_2026,Declined,0.0
OFF-000327,CALL-00000327,OFR-002,UPSELL_FIBER,No Response,0.0
OFF-000328,CALL-00000328,OFR-003,ADD_LINE_Q3,Accepted,102.5
OFF-000329,CALL-00000329,OFR-004,LOYALTY_RENEW,Declined,0.0
OFF-000330,CALL-00000330,OFR-005,PREMIUM_UPGRADE,No Response,0.0
OFF-000331,CALL-00000331,OFR-001,RETENTION_2026,Accepted,40.0
OFF-000332,CALL-00000332,OFR-002,UPSELL_FIBER,Declined,0.0
OFF-000333,CALL-00000333,OFR-003,ADD_LINE_Q3,No Response,0.0
OFF-000334,CALL-00000334,OFR-004,LOYALTY_RENEW,Accepted,77.5
OFF-000335,CALL-00000335,OFR-005,PREMIUM_UPGRADE,Declined,0.0
OFF-000336,CALL-00000336,OFR-001,RETENTION_2026,No Response,0.0
OFF-000337,CALL-00000337,OFR-002,UPSELL_FIBER,Accepted,15.0
OFF-000338,CALL-00000338,OFR-003,ADD_LINE_Q3,Declined,0.0
OFF-000339,CALL-00000339,OFR-004,LOYALTY_RENEW,No Response,0.0
OFF-000340,CALL-00000340,OFR-005,PREMIUM_UPGRADE,Accepted,52.5
OFF-000341,CALL-00000341,OFR-001,RETENTION_2026,Declined,0.0
OFF-000342,CALL-00000342,OFR-002,UPSELL_FIBER,No Response,0.0
OFF-000343,CALL-00000343,OFR-003,ADD_LINE_Q3,Accepted,90.0
OFF-000344,CALL-00000344,OFR-004,LOYALTY_RENEW,Declined,0.0
OFF-000345,CALL-00000345,OFR-005,PREMIUM_UPGRADE,No Response,0.0
OFF-000346,CALL-00000346,OFR-001,RETENTION_2026,Accepted,27.5
OFF-000347,CALL-00000347,OFR-002,UPSELL_FIBER,Declined,0.0
OFF-000348,CALL-00000348,OFR-003,ADD_LINE_Q3,No Response,0.0
OFF-000349,CALL-00000349,OFR-004,LOYALTY_RENEW,Accepted,65.0
OFF-000350,CALL-00000350,OFR-005,PREMIUM_UPGRADE,Declined,0.0
OFF-000351,CALL-00000351,OFR-001,RETENTION_2026,No Response,0.0
OFF-000352,CALL-00000352,OFR-002,UPSELL_FIBER,Accepted,102.5
OFF-000353,CALL-00000353,OFR-003,ADD_LINE_Q3,Declined,0.0
OFF-000354,CALL-00000354,OFR-004,LOYALTY_RENEW,No Response,0.0
OFF-000355,CALL-00000355,OFR-005,PREMIUM_UPGRADE,Accepted,40.0
OFF-000356,CALL-00000356,OFR-001,RETENTION_2026,Declined,0.0
OFF-000357,CALL-00000357,OFR-002,UPSELL_FIBER,No Response,0.0
OFF-000358,CALL-00000358,OFR-003,ADD_LINE_Q3,Accepted,77.5
OFF-000359,CALL-00000359,OFR-004,LOYALTY_RENEW,Declined,0.0
OFF-000360,CALL-00000360,OFR-005,PREMIUM_UPGRADE,No Response,0.0
OFF-000361,CALL-00000361,OFR-001,RETENTION_2026,Accepted,15.0
OFF-000362,CALL-00000362,OFR-002,UPSELL_FIBER,Declined,0.0
OFF-000363,CALL-00000363,OFR-003,ADD_LINE_Q3,No Response,0.0
OFF-000364,CALL-00000364,OFR-004,LOYALTY_RENEW,Accepted,52.5
OFF-000365,CALL-00000365,OFR-005,PREMIUM_UPGRADE,Declined,0.0
OFF-000366,CALL-00000366,OFR-001,RETENTION_2026,No Response,0.0
OFF-000367,CALL-00000367,OFR-002,UPSELL_FIBER,Accepted,90.0
OFF-000368,CALL-00000368,OFR-003,ADD_LINE_Q3,Declined,0.0
OFF-000369,CALL-00000369,OFR-004,LOYALTY_RENEW,No Response,0.0
OFF-000370,CALL-00000370,OFR-005,PREMIUM_UPGRADE,Accepted,27.5
OFF-000371,CALL-00000371,OFR-001,RETENTION_2026,Declined,0.0
OFF-000372,CALL-00000372,OFR-002,UPSELL_FIBER,No Response,0.0
OFF-000373,CALL-00000373,OFR-003,ADD_LINE_Q3,Accepted,65.0
OFF-000374,CALL-00000374,OFR-004,LOYALTY_RENEW,Declined,0.0
OFF-000375,CALL-00000375,OFR-005,PREMIUM_UPGRADE,No Response,0.0
OFF-000376,CALL-00000376,OFR-001,RETENTION_2026,Accepted,102.5
OFF-000377,CALL-00000377,OFR-002,UPSELL_FIBER,Declined,0.0
OFF-000378,CALL-00000378,OFR-003,ADD_LINE_Q3,No Response,0.0
OFF-000379,CALL-00000379,OFR-004,LOYALTY_RENEW,Accepted,40.0
OFF-000380,CALL-00000380,OFR-005,PREMIUM_UPGRADE,Declined,0.0
OFF-000381,CALL-00000381,OFR-001,RETENTION_2026,No Response,0.0
OFF-000382,CALL-00000382,OFR-002,UPSELL_FIBER,Accepted,77.5
OFF-000383,CALL-00000383,OFR-003,ADD_LINE_Q3,Declined,0.0
OFF-000384,CALL-00000384,OFR-004,LOYALTY_RENEW,No Response,0.0
OFF-000385,CALL-00000385,OFR-005,PREMIUM_UPGRADE,Accepted,15.0
OFF-000386,CALL-00000386,OFR-001,RETENTION_2026,Declined,0.0
OFF-000387,CALL-00000387,OFR-002,UPSELL_FIBER,No Response,0.0
OFF-000388,CALL-00000388,OFR-003,ADD_LINE_Q3,Accepted,52.5
OFF-000389,CALL-00000389,OFR-004,LOYALTY_RENEW,Declined,0.0
OFF-000390,CALL-00000390,OFR-005,PREMIUM_UPGRADE,No Response,0.0
OFF-000391,CALL-00000391,OFR-001,RETENTION_2026,Accepted,90.0
OFF-000392,CALL-00000392,OFR-002,UPSELL_FIBER,Declined,0.0
OFF-000393,CALL-00000393,OFR-003,ADD_LINE_Q3,No Response,0.0
OFF-000394,CALL-00000394,OFR-004,LOYALTY_RENEW,Accepted,27.5
OFF-000395,CALL-00000395,OFR-005,PREMIUM_UPGRADE,Declined,0.0
OFF-000396,CALL-00000396,OFR-001,RETENTION_2026,No Response,0.0
OFF-000397,CALL-00000397,OFR-002,UPSELL_FIBER,Accepted,65.0
OFF-000398,CALL-00000398,OFR-003,ADD_LINE_Q3,Declined,0.0
OFF-000399,CALL-00000399,OFR-004,LOYALTY_RENEW,No Response,0.0
OFF-000400,CALL-00000400,OFR-005,PREMIUM_UPGRADE,Accepted,102.5
OFF-000401,CALL-00000401,OFR-001,RETENTION_2026,Declined,0.0
OFF-000402,CALL-00000402,OFR-002,UPSELL_FIBER,No Response,0.0
OFF-000403,CALL-00000403,OFR-003,ADD_LINE_Q3,Accepted,40.0
OFF-000404,CALL-00000404,OFR-004,LOYALTY_RENEW,Declined,0.0
OFF-000405,CALL-00000405,OFR-005,PREMIUM_UPGRADE,No Response,0.0
OFF-000406,CALL-00000406,OFR-001,RETENTION_2026,Accepted,77.5
OFF-000407,CALL-00000407,OFR-002,UPSELL_FIBER,Declined,0.0
OFF-000408,CALL-00000408,OFR-003,ADD_LINE_Q3,No Response,0.0
OFF-000409,CALL-00000409,OFR-004,LOYALTY_RENEW,Accepted,15.0
OFF-000410,CALL-00000410,OFR-005,PREMIUM_UPGRADE,Declined,0.0
OFF-000411,CALL-00000411,OFR-001,RETENTION_2026,No Response,0.0
OFF-000412,CALL-00000412,OFR-002,UPSELL_FIBER,Accepted,52.5
OFF-000413,CALL-00000413,OFR-003,ADD_LINE_Q3,Declined,0.0
OFF-000414,CALL-00000414,OFR-004,LOYALTY_RENEW,No Response,0.0
OFF-000415,CALL-00000415,OFR-005,PREMIUM_UPGRADE,Accepted,90.0
OFF-000416,CALL-00000416,OFR-001,RETENTION_2026,Declined,0.0
OFF-000417,CALL-00000417,OFR-002,UPSELL_FIBER,No Response,0.0
OFF-000418,CALL-00000418,OFR-003,ADD_LINE_Q3,Accepted,27.5
OFF-000419,CALL-00000419,OFR-004,LOYALTY_RENEW,Declined,0.0
OFF-000420,CALL-00000420,OFR-005,PREMIUM_UPGRADE,No Response,0.0
OFF-000421,CALL-00000421,OFR-001,RETENTION_2026,Accepted,65.0
OFF-000422,CALL-00000422,OFR-002,UPSELL_FIBER,Declined,0.0
OFF-000423,CALL-00000423,OFR-003,ADD_LINE_Q3,No Response,0.0
OFF-000424,CALL-00000424,OFR-004,LOYALTY_RENEW,Accepted,102.5
OFF-000425,CALL-00000425,OFR-005,PREMIUM_UPGRADE,Declined,0.0
OFF-000426,CALL-00000426,OFR-001,RETENTION_2026,No Response,0.0
OFF-000427,CALL-00000427,OFR-002,UPSELL_FIBER,Accepted,40.0
OFF-000428,CALL-00000428,OFR-003,ADD_LINE_Q3,Declined,0.0
OFF-000429,CALL-00000429,OFR-004,LOYALTY_RENEW,No Response,0.0
OFF-000430,CALL-00000430,OFR-005,PREMIUM_UPGRADE,Accepted,77.5
OFF-000431,CALL-00000431,OFR-001,RETENTION_2026,Declined,0.0
OFF-000432,CALL-00000432,OFR-002,UPSELL_FIBER,No Response,0.0
OFF-000433,CALL-00000433,OFR-003,ADD_LINE_Q3,Accepted,15.0
OFF-000434,CALL-00000434,OFR-004,LOYALTY_RENEW,Declined,0.0
OFF-000435,CALL-00000435,OFR-005,PREMIUM_UPGRADE,No Response,0.0
OFF-000436,CALL-00000436,OFR-001,RETENTION_2026,Accepted,52.5
OFF-000437,CALL-00000437,OFR-002,UPSELL_FIBER,Declined,0.0
OFF-000438,CALL-00000438,OFR-003,ADD_LINE_Q3,No Response,0.0
OFF-000439,CALL-00000439,OFR-004,LOYALTY_RENEW,Accepted,90.0
OFF-000440,CALL-00000440,OFR-005,PREMIUM_UPGRADE,Declined,0.0
OFF-000441,CALL-00000441,OFR-001,RETENTION_2026,No Response,0.0
OFF-000442,CALL-00000442,OFR-002,UPSELL_FIBER,Accepted,27.5
OFF-000443,CALL-00000443,OFR-003,ADD_LINE_Q3,Declined,0.0
OFF-000444,CALL-00000444,OFR-004,LOYALTY_RENEW,No Response,0.0
OFF-000445,CALL-00000445,OFR-005,PREMIUM_UPGRADE,Accepted,65.0
OFF-000446,CALL-00000446,OFR-001,RETENTION_2026,Declined,0.0
OFF-000447,CALL-00000447,OFR-002,UPSELL_FIBER,No Response,0.0
OFF-000448,CALL-00000448,OFR-003,ADD_LINE_Q3,Accepted,102.5
OFF-000449,CALL-00000449,OFR-004,LOYALTY_RENEW,Declined,0.0
OFF-000450,CALL-00000450,OFR-005,PREMIUM_UPGRADE,No Response,0.0
OFF-000451,CALL-00000451,OFR-001,RETENTION_2026,Accepted,40.0
OFF-000452,CALL-00000452,OFR-002,UPSELL_FIBER,Declined,0.0
OFF-000453,CALL-00000453,OFR-003,ADD_LINE_Q3,No Response,0.0
OFF-000454,CALL-00000454,OFR-004,LOYALTY_RENEW,Accepted,77.5
OFF-000455,CALL-00000455,OFR-005,PREMIUM_UPGRADE,Declined,0.0
OFF-000456,CALL-00000456,OFR-001,RETENTION_2026,No Response,0.0
OFF-000457,CALL-00000457,OFR-002,UPSELL_FIBER,Accepted,15.0
OFF-000458,CALL-00000458,OFR-003,ADD_LINE_Q3,Declined,0.0
OFF-000459,CALL-00000459,OFR-004,LOYALTY_RENEW,No Response,0.0
OFF-000460,CALL-00000460,OFR-005,PREMIUM_UPGRADE,Accepted,52.5
OFF-000461,CALL-00000461,OFR-001,RETENTION_2026,Declined,0.0
OFF-000462,CALL-00000462,OFR-002,UPSELL_FIBER,No Response,0.0
OFF-000463,CALL-00000463,OFR-003,ADD_LINE_Q3,Accepted,90.0
OFF-000464,CALL-00000464,OFR-004,LOYALTY_RENEW,Declined,0.0
OFF-000465,CALL-00000465,OFR-005,PREMIUM_UPGRADE,No Response,0.0
OFF-000466,CALL-00000466,OFR-001,RETENTION_2026,Accepted,27.5
OFF-000467,CALL-00000467,OFR-002,UPSELL_FIBER,Declined,0.0
OFF-000468,CALL-00000468,OFR-003,ADD_LINE_Q3,No Response,0.0
OFF-000469,CALL-00000469,OFR-004,LOYALTY_RENEW,Accepted,65.0
OFF-000470,CALL-00000470,OFR-005,PREMIUM_UPGRADE,Declined,0.0
OFF-000471,CALL-00000471,OFR-001,RETENTION_2026,No Response,0.0
OFF-000472,CALL-00000472,OFR-002,UPSELL_FIBER,Accepted,102.5
OFF-000473,CALL-00000473,OFR-003,ADD_LINE_Q3,Declined,0.0
OFF-000474,CALL-00000474,OFR-004,LOYALTY_RENEW,No Response,0.0
OFF-000475,CALL-00000475,OFR-005,PREMIUM_UPGRADE,Accepted,40.0
OFF-000476,CALL-00000476,OFR-001,RETENTION_2026,Declined,0.0
OFF-000477,CALL-00000477,OFR-002,UPSELL_FIBER,No Response,0.0
OFF-000478,CALL-00000478,OFR-003,ADD_LINE_Q3,Accepted,77.5
OFF-000479,CALL-00000479,OFR-004,LOYALTY_RENEW,Declined,0.0
OFF-000480,CALL-00000480,OFR-005,PREMIUM_UPGRADE,No Response,0.0
OFF-000481,CALL-00000481,OFR-001,RETENTION_2026,Accepted,15.0
OFF-000482,CALL-00000482,OFR-002,UPSELL_FIBER,Declined,0.0
OFF-000483,CALL-00000483,OFR-003,ADD_LINE_Q3,No Response,0.0
OFF-000484,CALL-00000484,OFR-004,LOYALTY_RENEW,Accepted,52.5
OFF-000485,CALL-00000485,OFR-005,PREMIUM_UPGRADE,Declined,0.0
OFF-000486,CALL-00000486,OFR-001,RETENTION_2026,No Response,0.0
OFF-000487,CALL-00000487,OFR-002,UPSELL_FIBER,Accepted,90.0
OFF-000488,CALL-00000488,OFR-003,ADD_LINE_Q3,Declined,0.0
OFF-000489,CALL-00000489,OFR-004,LOYALTY_RENEW,No Response,0.0
OFF-000490,CALL-00000490,OFR-005,PREMIUM_UPGRADE,Accepted,27.5
OFF-000491,CALL-00000491,OFR-001,RETENTION_2026,Declined,0.0
OFF-000492,CALL-00000492,OFR-002,UPSELL_FIBER,No Response,0.0
OFF-000493,CALL-00000493,OFR-003,ADD_LINE_Q3,Accepted,65.0
OFF-000494,CALL-00000494,OFR-004,LOYALTY_RENEW,Declined,0.0
OFF-000495,CALL-00000495,OFR-005,PREMIUM_UPGRADE,No Response,0.0
OFF-000496,CALL-00000496,OFR-001,RETENTION_2026,Accepted,102.5
OFF-000497,CALL-00000497,OFR-002,UPSELL_FIBER,Declined,0.0
OFF-000498,CALL-00000498,OFR-003,ADD_LINE_Q3,No Response,0.0
OFF-000499,CALL-00000499,OFR-004,LOYALTY_RENEW,Accepted,40.0
OFF-000500,CALL-00000500,OFR-005,PREMIUM_UPGRADE,Declined,0.0
OFF-000501,CALL-00000501,OFR-001,RETENTION_2026,No Response,0.0
OFF-000502,CALL-00000502,OFR-002,UPSELL_FIBER,Accepted,77.5
OFF-000503,CALL-00000503,OFR-003,ADD_LINE_Q3,Declined,0.0
OFF-000504,CALL-00000504,OFR-004,LOYALTY_RENEW,No Response,0.0
OFF-000505,CALL-00000505,OFR-005,PREMIUM_UPGRADE,Accepted,15.0
OFF-000506,CALL-00000506,OFR-001,RETENTION_2026,Declined,0.0
OFF-000507,CALL-00000507,OFR-002,UPSELL_FIBER,No Response,0.0
OFF-000508,CALL-00000508,OFR-003,ADD_LINE_Q3,Accepted,52.5
OFF-000509,CALL-00000509,OFR-004,LOYALTY_RENEW,Declined,0.0
OFF-000510,CALL-00000510,OFR-005,PREMIUM_UPGRADE,No Response,0.0
OFF-000511,CALL-00000511,OFR-001,RETENTION_2026,Accepted,90.0
OFF-000512,CALL-00000512,OFR-002,UPSELL_FIBER,Declined,0.0
OFF-000513,CALL-00000513,OFR-003,ADD_LINE_Q3,No Response,0.0
OFF-000514,CALL-00000514,OFR-004,LOYALTY_RENEW,Accepted,27.5
OFF-000515,CALL-00000515,OFR-005,PREMIUM_UPGRADE,Declined,0.0
OFF-000516,CALL-00000516,OFR-001,RETENTION_2026,No Response,0.0
OFF-000517,CALL-00000517,OFR-002,UPSELL_FIBER,Accepted,65.0
OFF-000518,CALL-00000518,OFR-003,ADD_LINE_Q3,Declined,0.0
OFF-000519,CALL-00000519,OFR-004,LOYALTY_RENEW,No Response,0.0
OFF-000520,CALL-00000520,OFR-005,PREMIUM_UPGRADE,Accepted,102.5
OFF-000521,CALL-00000521,OFR-001,RETENTION_2026,Declined,0.0
OFF-000522,CALL-00000522,OFR-002,UPSELL_FIBER,No Response,0.0
OFF-000523,CALL-00000523,OFR-003,ADD_LINE_Q3,Accepted,40.0
OFF-000524,CALL-00000524,OFR-004,LOYALTY_RENEW,Declined,0.0
OFF-000525,CALL-00000525,OFR-005,PREMIUM_UPGRADE,No Response,0.0
OFF-000526,CALL-00000526,OFR-001,RETENTION_2026,Accepted,77.5
OFF-000527,CALL-00000527,OFR-002,UPSELL_FIBER,Declined,0.0
OFF-000528,CALL-00000528,OFR-003,ADD_LINE_Q3,No Response,0.0
OFF-000529,CALL-00000529,OFR-004,LOYALTY_RENEW,Accepted,15.0
OFF-000530,CALL-00000530,OFR-005,PREMIUM_UPGRADE,Declined,0.0
OFF-000531,CALL-00000531,OFR-001,RETENTION_2026,No Response,0.0
OFF-000532,CALL-00000532,OFR-002,UPSELL_FIBER,Accepted,52.5
OFF-000533,CALL-00000533,OFR-003,ADD_LINE_Q3,Declined,0.0
OFF-000534,CALL-00000534,OFR-004,LOYALTY_RENEW,No Response,0.0
OFF-000535,CALL-00000535,OFR-005,PREMIUM_UPGRADE,Accepted,90.0
OFF-000536,CALL-00000536,OFR-001,RETENTION_2026,Declined,0.0
OFF-000537,CALL-00000537,OFR-002,UPSELL_FIBER,No Response,0.0
OFF-000538,CALL-00000538,OFR-003,ADD_LINE_Q3,Accepted,27.5
OFF-000539,CALL-00000539,OFR-004,LOYALTY_RENEW,Declined,0.0
OFF-000540,CALL-00000540,OFR-005,PREMIUM_UPGRADE,No Response,0.0
OFF-000541,CALL-00000541,OFR-001,RETENTION_2026,Accepted,65.0
OFF-000542,CALL-00000542,OFR-002,UPSELL_FIBER,Declined,0.0
OFF-000543,CALL-00000543,OFR-003,ADD_LINE_Q3,No Response,0.0
OFF-000544,CALL-00000544,OFR-004,LOYALTY_RENEW,Accepted,102.5
OFF-000545,CALL-00000545,OFR-005,PREMIUM_UPGRADE,Declined,0.0
OFF-000546,CALL-00000546,OFR-001,RETENTION_2026,No Response,0.0
OFF-000547,CALL-00000547,OFR-002,UPSELL_FIBER,Accepted,40.0
OFF-000548,CALL-00000548,OFR-003,ADD_LINE_Q3,Declined,0.0
OFF-000549,CALL-00000549,OFR-004,LOYALTY_RENEW,No Response,0.0
OFF-000550,CALL-00000550,OFR-005,PREMIUM_UPGRADE,Accepted,77.5
OFF-000551,CALL-00000551,OFR-001,RETENTION_2026,Declined,0.0
OFF-000552,CALL-00000552,OFR-002,UPSELL_FIBER,No Response,0.0
OFF-000553,CALL-00000553,OFR-003,ADD_LINE_Q3,Accepted,15.0
OFF-000554,CALL-00000554,OFR-004,LOYALTY_RENEW,Declined,0.0
OFF-000555,CALL-00000555,OFR-005,PREMIUM_UPGRADE,No Response,0.0
OFF-000556,CALL-00000556,OFR-001,RETENTION_2026,Accepted,52.5
OFF-000557,CALL-00000557,OFR-002,UPSELL_FIBER,Declined,0.0
OFF-000558,CALL-00000558,OFR-003,ADD_LINE_Q3,No Response,0.0
OFF-000559,CALL-00000559,OFR-004,LOYALTY_RENEW,Accepted,90.0
OFF-000560,CALL-00000560,OFR-005,PREMIUM_UPGRADE,Declined,0.0
OFF-000561,CALL-00000561,OFR-001,RETENTION_2026,No Response,0.0
OFF-000562,CALL-00000562,OFR-002,UPSELL_FIBER,Accepted,27.5
OFF-000563,CALL-00000563,OFR-003,ADD_LINE_Q3,Declined,0.0
OFF-000564,CALL-00000564,OFR-004,LOYALTY_RENEW,No Response,0.0
OFF-000565,CALL-00000565,OFR-005,PREMIUM_UPGRADE,Accepted,65.0
OFF-000566,CALL-00000566,OFR-001,RETENTION_2026,Declined,0.0
OFF-000567,CALL-00000567,OFR-002,UPSELL_FIBER,No Response,0.0
OFF-000568,CALL-00000568,OFR-003,ADD_LINE_Q3,Accepted,102.5
OFF-000569,CALL-00000569,OFR-004,LOYALTY_RENEW,Declined,0.0
OFF-000570,CALL-00000570,OFR-005,PREMIUM_UPGRADE,No Response,0.0
OFF-000571,CALL-00000571,OFR-001,RETENTION_2026,Accepted,40.0
OFF-000572,CALL-00000572,OFR-002,UPSELL_FIBER,Declined,0.0
OFF-000573,CALL-00000573,OFR-003,ADD_LINE_Q3,No Response,0.0
OFF-000574,CALL-00000574,OFR-004,LOYALTY_RENEW,Accepted,77.5
OFF-000575,CALL-00000575,OFR-005,PREMIUM_UPGRADE,Declined,0.0
OFF-000576,CALL-00000576,OFR-001,RETENTION_2026,No Response,0.0
OFF-000577,CALL-00000577,OFR-002,UPSELL_FIBER,Accepted,15.0
OFF-000578,CALL-00000578,OFR-003,ADD_LINE_Q3,Declined,0.0
OFF-000579,CALL-00000579,OFR-004,LOYALTY_RENEW,No Response,0.0
OFF-000580,CALL-00000580,OFR-005,PREMIUM_UPGRADE,Accepted,52.5
OFF-000581,CALL-00000581,OFR-001,RETENTION_2026,Declined,0.0
OFF-000582,CALL-00000582,OFR-002,UPSELL_FIBER,No Response,0.0
OFF-000583,CALL-00000583,OFR-003,ADD_LINE_Q3,Accepted,90.0
OFF-000584,CALL-00000584,OFR-004,LOYALTY_RENEW,Declined,0.0
OFF-000585,CALL-00000585,OFR-005,PREMIUM_UPGRADE,No Response,0.0
OFF-000586,CALL-00000586,OFR-001,RETENTION_2026,Accepted,27.5
OFF-000587,CALL-00000587,OFR-002,UPSELL_FIBER,Declined,0.0
OFF-000588,CALL-00000588,OFR-003,ADD_LINE_Q3,No Response,0.0
OFF-000589,CALL-00000589,OFR-004,LOYALTY_RENEW,Accepted,65.0
OFF-000590,CALL-00000590,OFR-005,PREMIUM_UPGRADE,Declined,0.0
OFF-000591,CALL-00000591,OFR-001,RETENTION_2026,No Response,0.0
OFF-000592,CALL-00000592,OFR-002,UPSELL_FIBER,Accepted,102.5
OFF-000593,CALL-00000593,OFR-003,ADD_LINE_Q3,Declined,0.0
OFF-000594,CALL-00000594,OFR-004,LOYALTY_RENEW,No Response,0.0
OFF-000595,CALL-00000595,OFR-005,PREMIUM_UPGRADE,Accepted,40.0
OFF-000596,CALL-00000596,OFR-001,RETENTION_2026,Declined,0.0
OFF-000597,CALL-00000597,OFR-002,UPSELL_FIBER,No Response,0.0
OFF-000598,CALL-00000598,OFR-003,ADD_LINE_Q3,Accepted,77.5
OFF-000599,CALL-00000599,OFR-004,LOYALTY_RENEW,Declined,0.0
OFF-000600,CALL-00000600,OFR-005,PREMIUM_UPGRADE,No Response,0.0
OFF-000601,CALL-00000601,OFR-001,RETENTION_2026,Accepted,15.0
OFF-000602,CALL-00000602,OFR-002,UPSELL_FIBER,Declined,0.0
OFF-000603,CALL-00000603,OFR-003,ADD_LINE_Q3,No Response,0.0
OFF-000604,CALL-00000604,OFR-004,LOYALTY_RENEW,Accepted,52.5
OFF-000605,CALL-00000605,OFR-005,PREMIUM_UPGRADE,Declined,0.0
OFF-000606,CALL-00000606,OFR-001,RETENTION_2026,No Response,0.0
OFF-000607,CALL-00000607,OFR-002,UPSELL_FIBER,Accepted,90.0
OFF-000608,CALL-00000608,OFR-003,ADD_LINE_Q3,Declined,0.0
OFF-000609,CALL-00000609,OFR-004,LOYALTY_RENEW,No Response,0.0
OFF-000610,CALL-00000610,OFR-005,PREMIUM_UPGRADE,Accepted,27.5
OFF-000611,CALL-00000611,OFR-001,RETENTION_2026,Declined,0.0
OFF-000612,CALL-00000612,OFR-002,UPSELL_FIBER,No Response,0.0
OFF-000613,CALL-00000613,OFR-003,ADD_LINE_Q3,Accepted,65.0
OFF-000614,CALL-00000614,OFR-004,LOYALTY_RENEW,Declined,0.0
OFF-000615,CALL-00000615,OFR-005,PREMIUM_UPGRADE,No Response,0.0
OFF-000616,CALL-00000616,OFR-001,RETENTION_2026,Accepted,102.5
OFF-000617,CALL-00000617,OFR-002,UPSELL_FIBER,Declined,0.0
OFF-000618,CALL-00000618,OFR-003,ADD_LINE_Q3,No Response,0.0
OFF-000619,CALL-00000619,OFR-004,LOYALTY_RENEW,Accepted,40.0
OFF-000620,CALL-00000620,OFR-005,PREMIUM_UPGRADE,Declined,0.0
OFF-000621,CALL-00000621,OFR-001,RETENTION_2026,No Response,0.0
OFF-000622,CALL-00000622,OFR-002,UPSELL_FIBER,Accepted,77.5
OFF-000623,CALL-00000623,OFR-003,ADD_LINE_Q3,Declined,0.0
OFF-000624,CALL-00000624,OFR-004,LOYALTY_RENEW,No Response,0.0
OFF-000625,CALL-00000625,OFR-005,PREMIUM_UPGRADE,Accepted,15.0
OFF-000626,CALL-00000626,OFR-001,RETENTION_2026,Declined,0.0
OFF-000627,CALL-00000627,OFR-002,UPSELL_FIBER,No Response,0.0
OFF-000628,CALL-00000628,OFR-003,ADD_LINE_Q3,Accepted,52.5
OFF-000629,CALL-00000629,OFR-004,LOYALTY_RENEW,Declined,0.0
OFF-000630,CALL-00000630,OFR-005,PREMIUM_UPGRADE,No Response,0.0
OFF-000631,CALL-00000631,OFR-001,RETENTION_2026,Accepted,90.0
OFF-000632,CALL-00000632,OFR-002,UPSELL_FIBER,Declined,0.0
OFF-000633,CALL-00000633,OFR-003,ADD_LINE_Q3,No Response,0.0
OFF-000634,CALL-00000634,OFR-004,LOYALTY_RENEW,Accepted,27.5
OFF-000635,CALL-00000635,OFR-005,PREMIUM_UPGRADE,Declined,0.0
OFF-000636,CALL-00000636,OFR-001,RETENTION_2026,No Response,0.0
OFF-000637,CALL-00000637,OFR-002,UPSELL_FIBER,Accepted,65.0
OFF-000638,CALL-00000638,OFR-003,ADD_LINE_Q3,Declined,0.0
OFF-000639,CALL-00000639,OFR-004,LOYALTY_RENEW,No Response,0.0
OFF-000640,CALL-00000640,OFR-005,PREMIUM_UPGRADE,Accepted,102.5
OFF-000641,CALL-00000641,OFR-001,RETENTION_2026,Declined,0.0
OFF-000642,CALL-00000642,OFR-002,UPSELL_FIBER,No Response,0.0
OFF-000643,CALL-00000643,OFR-003,ADD_LINE_Q3,Accepted,40.0
OFF-000644,CALL-00000644,OFR-004,LOYALTY_RENEW,Declined,0.0
OFF-000645,CALL-00000645,OFR-005,PREMIUM_UPGRADE,No Response,0.0
OFF-000646,CALL-00000646,OFR-001,RETENTION_2026,Accepted,77.5
OFF-000647,CALL-00000647,OFR-002,UPSELL_FIBER,Declined,0.0
OFF-000648,CALL-00000648,OFR-003,ADD_LINE_Q3,No Response,0.0
OFF-000649,CALL-00000649,OFR-004,LOYALTY_RENEW,Accepted,15.0
OFF-000650,CALL-00000650,OFR-005,PREMIUM_UPGRADE,Declined,0.0
OFF-000651,CALL-00000651,OFR-001,RETENTION_2026,No Response,0.0
OFF-000652,CALL-00000652,OFR-002,UPSELL_FIBER,Accepted,52.5
OFF-000653,CALL-00000653,OFR-003,ADD_LINE_Q3,Declined,0.0
OFF-000654,CALL-00000654,OFR-004,LOYALTY_RENEW,No Response,0.0
OFF-000655,CALL-00000655,OFR-005,PREMIUM_UPGRADE,Accepted,90.0
OFF-000656,CALL-00000656,OFR-001,RETENTION_2026,Declined,0.0
OFF-000657,CALL-00000657,OFR-002,UPSELL_FIBER,No Response,0.0
OFF-000658,CALL-00000658,OFR-003,ADD_LINE_Q3,Accepted,27.5
OFF-000659,CALL-00000659,OFR-004,LOYALTY_RENEW,Declined,0.0
OFF-000660,CALL-00000660,OFR-005,PREMIUM_UPGRADE,No Response,0.0
OFF-000661,CALL-00000661,OFR-001,RETENTION_2026,Accepted,65.0
OFF-000662,CALL-00000662,OFR-002,UPSELL_FIBER,Declined,0.0
OFF-000663,CALL-00000663,OFR-003,ADD_LINE_Q3,No Response,0.0
OFF-000664,CALL-00000664,OFR-004,LOYALTY_RENEW,Accepted,102.5
OFF-000665,CALL-00000665,OFR-005,PREMIUM_UPGRADE,Declined,0.0
OFF-000666,CALL-00000666,OFR-001,RETENTION_2026,No Response,0.0
OFF-000667,CALL-00000667,OFR-002,UPSELL_FIBER,Accepted,40.0
OFF-000668,CALL-00000668,OFR-003,ADD_LINE_Q3,Declined,0.0
OFF-000669,CALL-00000669,OFR-004,LOYALTY_RENEW,No Response,0.0
OFF-000670,CALL-00000670,OFR-005,PREMIUM_UPGRADE,Accepted,77.5
OFF-000671,CALL-00000671,OFR-001,RETENTION_2026,Declined,0.0
OFF-000672,CALL-00000672,OFR-002,UPSELL_FIBER,No Response,0.0
OFF-000673,CALL-00000673,OFR-003,ADD_LINE_Q3,Accepted,15.0
OFF-000674,CALL-00000674,OFR-004,LOYALTY_RENEW,Declined,0.0
OFF-000675,CALL-00000675,OFR-005,PREMIUM_UPGRADE,No Response,0.0
OFF-000676,CALL-00000676,OFR-001,RETENTION_2026,Accepted,52.5
OFF-000677,CALL-00000677,OFR-002,UPSELL_FIBER,Declined,0.0
OFF-000678,CALL-00000678,OFR-003,ADD_LINE_Q3,No Response,0.0
OFF-000679,CALL-00000679,OFR-004,LOYALTY_RENEW,Accepted,90.0
OFF-000680,CALL-00000680,OFR-005,PREMIUM_UPGRADE,Declined,0.0
OFF-000681,CALL-00000681,OFR-001,RETENTION_2026,No Response,0.0
OFF-000682,CALL-00000682,OFR-002,UPSELL_FIBER,Accepted,27.5
OFF-000683,CALL-00000683,OFR-003,ADD_LINE_Q3,Declined,0.0
OFF-000684,CALL-00000684,OFR-004,LOYALTY_RENEW,No Response,0.0
OFF-000685,CALL-00000685,OFR-005,PREMIUM_UPGRADE,Accepted,65.0
OFF-000686,CALL-00000686,OFR-001,RETENTION_2026,Declined,0.0
OFF-000687,CALL-00000687,OFR-002,UPSELL_FIBER,No Response,0.0
OFF-000688,CALL-00000688,OFR-003,ADD_LINE_Q3,Accepted,102.5
OFF-000689,CALL-00000689,OFR-004,LOYALTY_RENEW,Declined,0.0
OFF-000690,CALL-00000690,OFR-005,PREMIUM_UPGRADE,No Response,0.0
OFF-000691,CALL-00000691,OFR-001,RETENTION_2026,Accepted,40.0
OFF-000692,CALL-00000692,OFR-002,UPSELL_FIBER,Declined,0.0
OFF-000693,CALL-00000693,OFR-003,ADD_LINE_Q3,No Response,0.0
OFF-000694,CALL-00000694,OFR-004,LOYALTY_RENEW,Accepted,77.5
OFF-000695,CALL-00000695,OFR-005,PREMIUM_UPGRADE,Declined,0.0
OFF-000696,CALL-00000696,OFR-001,RETENTION_2026,No Response,0.0
OFF-000697,CALL-00000697,OFR-002,UPSELL_FIBER,Accepted,15.0
OFF-000698,CALL-00000698,OFR-003,ADD_LINE_Q3,Declined,0.0
OFF-000699,CALL-00000699,OFR-004,LOYALTY_RENEW,No Response,0.0
OFF-000700,CALL-00000700,OFR-005,PREMIUM_UPGRADE,Accepted,52.5
OFF-000701,CALL-00000701,OFR-001,RETENTION_2026,Declined,0.0
OFF-000702,CALL-00000702,OFR-002,UPSELL_FIBER,No Response,0.0
OFF-000703,CALL-00000703,OFR-003,ADD_LINE_Q3,Accepted,90.0
OFF-000704,CALL-00000704,OFR-004,LOYALTY_RENEW,Declined,0.0
OFF-000705,CALL-00000705,OFR-005,PREMIUM_UPGRADE,No Response,0.0
OFF-000706,CALL-00000706,OFR-001,RETENTION_2026,Accepted,27.5
OFF-000707,CALL-00000707,OFR-002,UPSELL_FIBER,Declined,0.0
OFF-000708,CALL-00000708,OFR-003,ADD_LINE_Q3,No Response,0.0
OFF-000709,CALL-00000709,OFR-004,LOYALTY_RENEW,Accepted,65.0
OFF-000710,CALL-00000710,OFR-005,PREMIUM_UPGRADE,Declined,0.0
OFF-000711,CALL-00000711,OFR-001,RETENTION_2026,No Response,0.0
OFF-000712,CALL-00000712,OFR-002,UPSELL_FIBER,Accepted,102.5
OFF-000713,CALL-00000713,OFR-003,ADD_LINE_Q3,Declined,0.0
OFF-000714,CALL-00000714,OFR-004,LOYALTY_RENEW,No Response,0.0
OFF-000715,CALL-00000715,OFR-005,PREMIUM_UPGRADE,Accepted,40.0
OFF-000716,CALL-00000716,OFR-001,RETENTION_2026,Declined,0.0
OFF-000717,CALL-00000717,OFR-002,UPSELL_FIBER,No Response,0.0
OFF-000718,CALL-00000718,OFR-003,ADD_LINE_Q3,Accepted,77.5
OFF-000719,CALL-00000719,OFR-004,LOYALTY_RENEW,Declined,0.0
OFF-000720,CALL-00000720,OFR-005,PREMIUM_UPGRADE,No Response,0.0
OFF-000721,CALL-00000721,OFR-001,RETENTION_2026,Accepted,15.0
OFF-000722,CALL-00000722,OFR-002,UPSELL_FIBER,Declined,0.0
OFF-000723,CALL-00000723,OFR-003,ADD_LINE_Q3,No Response,0.0
OFF-000724,CALL-00000724,OFR-004,LOYALTY_RENEW,Accepted,52.5
OFF-000725,CALL-00000725,OFR-005,PREMIUM_UPGRADE,Declined,0.0
OFF-000726,CALL-00000726,OFR-001,RETENTION_2026,No Response,0.0
OFF-000727,CALL-00000727,OFR-002,UPSELL_FIBER,Accepted,90.0
OFF-000728,CALL-00000728,OFR-003,ADD_LINE_Q3,Declined,0.0
OFF-000729,CALL-00000729,OFR-004,LOYALTY_RENEW,No Response,0.0
OFF-000730,CALL-00000730,OFR-005,PREMIUM_UPGRADE,Accepted,27.5
OFF-000731,CALL-00000731,OFR-001,RETENTION_2026,Declined,0.0
OFF-000732,CALL-00000732,OFR-002,UPSELL_FIBER,No Response,0.0
OFF-000733,CALL-00000733,OFR-003,ADD_LINE_Q3,Accepted,65.0
OFF-000734,CALL-00000734,OFR-004,LOYALTY_RENEW,Declined,0.0
OFF-000735,CALL-00000735,OFR-005,PREMIUM_UPGRADE,No Response,0.0
OFF-000736,CALL-00000736,OFR-001,RETENTION_2026,Accepted,102.5
OFF-000737,CALL-00000737,OFR-002,UPSELL_FIBER,Declined,0.0
OFF-000738,CALL-00000738,OFR-003,ADD_LINE_Q3,No Response,0.0
OFF-000739,CALL-00000739,OFR-004,LOYALTY_RENEW,Accepted,40.0
OFF-000740,CALL-00000740,OFR-005,PREMIUM_UPGRADE,Declined,0.0
OFF-000741,CALL-00000741,OFR-001,RETENTION_2026,No Response,0.0
OFF-000742,CALL-00000742,OFR-002,UPSELL_FIBER,Accepted,77.5
OFF-000743,CALL-00000743,OFR-003,ADD_LINE_Q3,Declined,0.0
OFF-000744,CALL-00000744,OFR-004,LOYALTY_RENEW,No Response,0.0
OFF-000745,CALL-00000745,OFR-005,PREMIUM_UPGRADE,Accepted,15.0
OFF-000746,CALL-00000746,OFR-001,RETENTION_2026,Declined,0.0
OFF-000747,CALL-00000747,OFR-002,UPSELL_FIBER,No Response,0.0
OFF-000748,CALL-00000748,OFR-003,ADD_LINE_Q3,Accepted,52.5
OFF-000749,CALL-00000749,OFR-004,LOYALTY_RENEW,Declined,0.0
OFF-000750,CALL-00000750,OFR-005,PREMIUM_UPGRADE,No Response,0.0
OFF-000751,CALL-00000751,OFR-001,RETENTION_2026,Accepted,90.0
OFF-000752,CALL-00000752,OFR-002,UPSELL_FIBER,Declined,0.0
OFF-000753,CALL-00000753,OFR-003,ADD_LINE_Q3,No Response,0.0
OFF-000754,CALL-00000754,OFR-004,LOYALTY_RENEW,Accepted,27.5
OFF-000755,CALL-00000755,OFR-005,PREMIUM_UPGRADE,Declined,0.0
OFF-000756,CALL-00000756,OFR-001,RETENTION_2026,No Response,0.0
OFF-000757,CALL-00000757,OFR-002,UPSELL_FIBER,Accepted,65.0
OFF-000758,CALL-00000758,OFR-003,ADD_LINE_Q3,Declined,0.0
OFF-000759,CALL-00000759,OFR-004,LOYALTY_RENEW,No Response,0.0
OFF-000760,CALL-00000760,OFR-005,PREMIUM_UPGRADE,Accepted,102.5
OFF-000761,CALL-00000761,OFR-001,RETENTION_2026,Declined,0.0
OFF-000762,CALL-00000762,OFR-002,UPSELL_FIBER,No Response,0.0
OFF-000763,CALL-00000763,OFR-003,ADD_LINE_Q3,Accepted,40.0
OFF-000764,CALL-00000764,OFR-004,LOYALTY_RENEW,Declined,0.0
OFF-000765,CALL-00000765,OFR-005,PREMIUM_UPGRADE,No Response,0.0
OFF-000766,CALL-00000766,OFR-001,RETENTION_2026,Accepted,77.5
OFF-000767,CALL-00000767,OFR-002,UPSELL_FIBER,Declined,0.0
OFF-000768,CALL-00000768,OFR-003,ADD_LINE_Q3,No Response,0.0
OFF-000769,CALL-00000769,OFR-004,LOYALTY_RENEW,Accepted,15.0
OFF-000770,CALL-00000770,OFR-005,PREMIUM_UPGRADE,Declined,0.0
OFF-000771,CALL-00000771,OFR-001,RETENTION_2026,No Response,0.0
OFF-000772,CALL-00000772,OFR-002,UPSELL_FIBER,Accepted,52.5
OFF-000773,CALL-00000773,OFR-003,ADD_LINE_Q3,Declined,0.0
OFF-000774,CALL-00000774,OFR-004,LOYALTY_RENEW,No Response,0.0
OFF-000775,CALL-00000775,OFR-005,PREMIUM_UPGRADE,Accepted,90.0
OFF-000776,CALL-00000776,OFR-001,RETENTION_2026,Declined,0.0
OFF-000777,CALL-00000777,OFR-002,UPSELL_FIBER,No Response,0.0
OFF-000778,CALL-00000778,OFR-003,ADD_LINE_Q3,Accepted,27.5
OFF-000779,CALL-00000779,OFR-004,LOYALTY_RENEW,Declined,0.0
OFF-000780,CALL-00000780,OFR-005,PREMIUM_UPGRADE,No Response,0.0
OFF-000781,CALL-00000781,OFR-001,RETENTION_2026,Accepted,65.0
OFF-000782,CALL-00000782,OFR-002,UPSELL_FIBER,Declined,0.0
OFF-000783,CALL-00000783,OFR-003,ADD_LINE_Q3,No Response,0.0
OFF-000784,CALL-00000784,OFR-004,LOYALTY_RENEW,Accepted,102.5
OFF-000785,CALL-00000785,OFR-005,PREMIUM_UPGRADE,Declined,0.0
OFF-000786,CALL-00000786,OFR-001,RETENTION_2026,No Response,0.0
OFF-000787,CALL-00000787,OFR-002,UPSELL_FIBER,Accepted,40.0
OFF-000788,CALL-00000788,OFR-003,ADD_LINE_Q3,Declined,0.0
OFF-000789,CALL-00000789,OFR-004,LOYALTY_RENEW,No Response,0.0
OFF-000790,CALL-00000790,OFR-005,PREMIUM_UPGRADE,Accepted,77.5
OFF-000791,CALL-00000791,OFR-001,RETENTION_2026,Declined,0.0
OFF-000792,CALL-00000792,OFR-002,UPSELL_FIBER,No Response,0.0
OFF-000793,CALL-00000793,OFR-003,ADD_LINE_Q3,Accepted,15.0
OFF-000794,CALL-00000794,OFR-004,LOYALTY_RENEW,Declined,0.0
OFF-000795,CALL-00000795,OFR-005,PREMIUM_UPGRADE,No Response,0.0
OFF-000796,CALL-00000796,OFR-001,RETENTION_2026,Accepted,52.5
OFF-000797,CALL-00000797,OFR-002,UPSELL_FIBER,Declined,0.0
OFF-000798,CALL-00000798,OFR-003,ADD_LINE_Q3,No Response,0.0
OFF-000799,CALL-00000799,OFR-004,LOYALTY_RENEW,Accepted,90.0
OFF-000800,CALL-00000800,OFR-005,PREMIUM_UPGRADE,Declined,0.0
